Titre,auteur,Genre,publication,Payslivre,Affiche,film,Réalisateur,Producteur,sortiefilm,Paysfilm,Ratings
Alice's Adventures In Wonderland,Lewis Caroll,Conte,1865,UK,http://www.imdb.com/media/rm2555955456/tt0043274?ref_=tt_ov_i,Alice in Wonderland,Hamilton Lukes,Walt Disney,1995,USA,"7,4"
Alice's Adventures In Wonderland,Lewis Caroll,Conte,1865,UK,http://www.imdb.com/media/rm1086033408/tt1014759?ref_=tt_ov_i,Alice in Wonderland,Tim Burton ,Walt Disney,2010,USA,"6,5"
La Belle et la Bête,Jeanne-Marie Leprince De Beaumont,Conte,1757,France,http://i43.tower.com/images/mm100597787/beauty-beast-diary-film-jean-cocteau-paperback-cover-art.jpg,La belle et la bête,Jean Cocteau,DisCina,1946,France,8
La Belle et la Bête,Jeanne-Marie Leprince De Beaumont,Conte,1757,France,http://img3.wikia.nocookie.net/__cb20101223180859/disney/images/2/23/BeautyandtheBeast1992VHSCover.jpg,Beauty and the Beast,"Gary Trousdale, Kirk Wise",Walt Disney,1991,USA,"8,1"
La Belle et la Bête,Jeanne-Marie Leprince De Beaumont,Conte,1757,France,http://www.imdb.com/media/rm2845505536/tt2316801?ref_=tt_ov_i,La belle et la bête,Christophe Gans,Pathé | TF1 Films Production,2014,France,"6,5"
Notre dame de Paris,Victor Hugo,Drama | Historique,1831,France,http://www.imdb.com/media/rm3035405312/tt0050781?ref_=tt_ov_i,Notre-Dame de Paris,Jean Delannoy,Panitalia | Paris Film Productions,1956,France,"6,8"
Notre dame de Paris,Victor Hugo,Drama | Historique,1831,France,http://www.imdb.com/media/rm33529344/tt0116583?ref_=ttmd_md_nxt,The Hunchback of Notre-Dame," Gary Trousdale, Kirk Wise",Walt Disney,1996,USA,"6,9"
Peter and Wendy,J.M Barrie,Aventure,1911,UK,http://www.imdb.com/media/rm4270959616/tt0046183?ref_=tt_ov_i,Peter Pan,Clyde Geronimi / Wilfred Jackson / Hamilton Luske,Walt Disney,1953,USA,"7,4"
Peter and Wendy,J.M Barrie,Aventure,1911,UK,http://www.imdb.com/media/rm3643971584/tt0316396?ref_=tt_ov_i,Peter Pan,P.J Hogan, Universal Pictures,2003,USA,"6,9"
La belle au bois dormant,Charles Perrault,Conte,1697,France,N/A,La belle au bois dormant,Stéphane Passet,Azur,1922,France,"7,8"
La belle au bois dormant,Charles Perrault,Conte,1697,France,http://www.imdb.com/media/rm1970312704/tt0053285?ref_=tt_ov_i,Sleeping beauty,Clyde Geronimi,Walt Disney,1959,USA,"7,4"
La belle au bois dormant,Charles Perrault,Conte,1697,France,http://www.imdb.com/media/rm2488531712/tt1587310?ref_=tt_ov_i,Maleficent,Robert Stromberg,Walt Disney,2014,USA,"7,1"
The Lord of the Rings - the Fellowship of the ring,J.R.R Tolkien,Fantasy,1954,UK,http://www.imdb.com/media/rm896831232/tt0120737?ref_=tt_ov_i,The Lord of the Rings: The Fellowship of the Ring,Peter Jackson,New Line Cinema,2001,USA,"8,8"
The Lord of the Rings - the Fellowship of the ring,J.R.R Tolkien,Fantasy,1954,UK,http://ia.media-imdb.com/images/M/MV5BMTcxMzU2MDc5Ml5BMl5BanBnXkFtZTcwMjUxNDcyMg@@._V1_SX214_AL_.jpg,The Lord of the Rings,Ralph Bakshi,Fantasy Films,1978,USA,"6,1"
The Lord of the Rings - The Two Towers,J.R.R Tolkien,Fantasy,1955,UK,http://www.imdb.com/media/rm1064868096/tt0167261?ref_=tt_ov_i,The Lord of the Rings: The Two Towers,Peter Jackson,New Line Cinema,2002,USA,"8,8"
The Lord of the Rings: The Return of the King,J.R.R Tolkien,Fantasy,1955,UK,http://www.imdb.com/media/rm3623329024/tt0167260?ref_=tt_ov_i,The Lord of the Rings: The Return of the King,Peter Jackson,New Line Cinema,2003,USA,"8,9"
"La Guerre des boutons, roman de ma douzième année ",Louis Pergaud,Fiction,1912,France,http://www.cinema-francais.fr/images/affiches/affiches_r/affiches_robert_yves/la_guerre_des_boutons01.jpg,La guerre des boutons,Yves Robert,Les Productions de la Guéville,1962,France,"7,5"
"La Guerre des boutons, roman de ma douzième année ",Louis Pergaud,Fiction,1912,France,http://fr.web.img5.acsta.net/medias/nmedia/18/85/48/31/19797466.jpg,La nouvelle guerre des boutons,Christophe Barratier,La Petite Reine | TF1 Films Production,2011,France,6
"La Guerre des boutons, roman de ma douzième année ",Louis Pergaud,Fiction,1912,France,http://www.allocine.fr/film/fichefilm-188649/photos/detail/?cmediafile=19775518,La guerre des boutons,Yann Samuell,One World Films | TF1 Films Production,2011,France,"6,3"
Dracula,Bram Stoker,Fantastique,1897,UK,http://www.imdb.com/media/rm520277760/tt0013442?ref_=tt_ov_i,Nosferatu le vampire,F.W. Murnau,Jofa-Atelier Berlin-Johannisthal ,1922,Allemagne,8
Dracula,Bram Stoker,Fantastique,1897,UK,http://www.imdb.com/media/rm827509760/tt0829150?ref_=tt_ov_i,Dracula Untold,Gary Shore,Universal Pictures,2014,USA,"6,3"
Dracula,Bram Stoker,Fantastique,1897,UK,http://www.imdb.com/media/rm3327707392/tt0021814?ref_=tt_ov_i,Dracula,Tod Browning,Universal Pictures,1931,USA,"7,7"
Dracula,Bram Stoker,Fantastique,1897,UK,http://www.imdb.com/media/rm1119853824/tt0079073?ref_=tt_ov_i,Dracula,John Badham,Universal Pictures,1979,USA,"6,4"
Dracula,Bram Stoker,Fantastique,1897,UK,http://www.imdb.com/media/rm3477181184/tt0103874?ref_=tt_ov_i,Dracula,Francis Ford Coppola,Columbia Pictures,1992,USA,"7,5"
Dracula,Bram Stoker,Fantastique,1897,UK,http://www.imdb.com/media/rm2684918784/tt0219653?ref_=tt_ov_i,Dracula 2000,Patrick Lussier,Dimension Films,2000,USA,"4,9"
Dracula,Bram Stoker,Fantastique,1897,UK,http://www.imdb.com/media/rm1592188672/tt1852770?ref_=tt_ov_i,Dracula 3D,Dario Argento,Enrique Cerezo Producciones Cinematográficas S.A.,2012,Italie,"3,6"
Dracula,Bram Stoker,Fantastique,1897,UK,http://www.imdb.com/media/rm1222220800/tt0021815?ref_=tt_ov_i,Drácula,George Melford,Universal Pictures,1931,USA | Espagne,"7,2"
Dracula,Bram Stoker,Fantastique,1897,UK,http://www.imdb.com/media/rm3314457856/tt0051554?ref_=tt_ov_i,Dracula,Terence Fisher,Hammer Film Productions,1958,UK,"7,5"
Dracula,Bram Stoker,Fantastique,1897,UK,http://www.imdb.com/media/rm4172061952/tt0112896?ref_=tt_ov_i,Dracula: Dead and Loving It,Mel Brooks,Gaumont,1995,USA,"5,7"
Dracula,Bram Stoker,Fantastique,1897,UK,http://www.imdb.com/media/rm1358601216/tt0067713?ref_=tt_ov_i,Scars of Dracula,Roy Ward Baker,Hammer Film Productions,1970,UK,"6,3"
Dracula,Bram Stoker,Fantastique,1897,UK,http://www.imdb.com/media/rm4210007552/tt0071233?ref_=tt_ov_i,Blood for Dracula,Paul Morrissey,Compagnia Cinematografica Champion,1974,Italie,"6,2"
Dracula,Bram Stoker,Fantastique,1897,UK,http://www.imdb.com/media/rm1731105280/tt0065569?ref_=tt_ov_i,"Nachts, wenn Dracula erwacht",Jesús Franco,Filmar Compagnia Cinematografica,1970,Espagne | Allemagne,"5,8"
Dracula,Bram Stoker,Fantastique,1897,UK,http://www.imdb.com/media/rm4172269568/tt2543202?ref_=tt_ov_i,The Impaler,Derek Hockenbrough,Flawless Production,2013,USA,4
Dracula,Bram Stoker,Fantastique,1897,UK,http://www.imdb.com/media/rm1628281856/tt0037793?ref_=tt_ov_i,House of Dracula,Erle C. Kenton,Universal Pictures,1945,USA,"5,8"
Dracula,Bram Stoker,Fantastique,1897,UK,http://www.imdb.com/media/rm3373316864/tt0052131?ref_=tt_ov_i,The Return of Dracula,Paul Landres,Gramercy Pictures,1958,USA,"5,6"
Dracula,Bram Stoker,Fantastique,1897,UK,http://www.imdb.com/media/rm1317444608/tt0079641?ref_=tt_ov_i,Nosferatu: Phantom der Nacht,Werner Herzog,Werner Herzog Filmproduktion,1979,RFA,"7,6"
The Great Gatsby,F. Scott Fitzgerald,Drama,1925,USA,https://pamhutch.files.wordpress.com/2013/05/tumblr_mavbc3hthi1qzn0deo1_500.jpg,The Great Gatsby,Herbert Brenon,Famous Players-Lasky Corporation,1926,USA,7
The Great Gatsby,F. Scott Fitzgerald,Drama,1925,USA,http://www.imdb.com/media/rm2643435776/tt1343092?ref_=tt_ov_i,The Great Gatsby,Baz Luhrmann,Warner Bros.,2013,USA,"7,3"
Millenium,Stieg Larsson,Thriller,2005,Suède,http://www.imdb.com/media/rm3749416704/tt1132620?ref_=tt_ov_i,Män som hatar kvinnor,Niels Arden Oplev,Yellow Bird,2009,Suéde,"7,8"
Millenium,Stieg Larsson,Thriller,2005,Suède,http://www.imdb.com/media/rm1878306816/tt1568346?ref_=tt_ov_i,The Girl with the Dragon Tattoo,David Fincher,Columbia Pictures,2011,USA,"7,9"
La planète des singes,Pierre Boulle,Science-fiction,1963,France,http://www.imdb.com/media/rm3327645440/tt0063442?ref_=tt_ov_i,Planet of the Apes,Franklin Schaffner, 20th Century Fox Ranch,1968,USA,8
La planète des singes,Pierre Boulle,Science-fiction,1963,France,http://www.imdb.com/media/rm1796381696/tt0133152?ref_=tt_ov_i,Planet of the Apes,Tim Burton, 20th Century Fox Studios ,2001,USA,"5,7"
La planète des singes,Pierre Boulle,Science-fiction,1963,France,http://www.imdb.com/media/rm1767227136/tt1318514?ref_=tt_ov_i,Rise of the Planet of the Apes,Ruper Wyatt, 20th Century Fox Studios ,2011,USA,"7,6"
La planète des singes,Pierre Boulle,Science-fiction,1963,France,http://www.imdb.com/media/rm1894698240/tt2103281?ref_=tt_ov_i,Dawn of the Planet of the Apes,Matt Reeves,Chernin Entertainment,2014,USA,"7,9"
Les trois mousquetaires,Alexandre Dumas,Aventure,1844,France,N/A,I tre moschettieri,Mario Caserini,Società Italiana Cines,1909,Italie,"3,1"
Les trois mousquetaires,Alexandre Dumas,Aventure,1844,France,http://www.imdb.com/title/tt0040876/?ref_=ttco_co_tt,The Three Musketeers,George Sidney,Metro-Goldwyn-Mayer (MGM),1948,USA,"7,3"
Les trois mousquetaires,Alexandre Dumas,Aventure,1844,France,http://www.allocine.fr/film/fichefilm-3410/photos/detail/?cmediafile=19117324,Les 3 mousquetaires,André Hunebelle,Pathé ,1953,France,"6,2"
Les trois mousquetaires,Alexandre Dumas,Aventure,1844,France,http://www.allocine.fr/film/fichefilm-45009/photos/detail/?cmediafile=19117288,Les trois mousquetaires: Première époque - Les ferrets de la reine,Bernard Borderie, Films Borderie,1961,France,"6,5"
Les trois mousquetaires,Alexandre Dumas,Aventure,1844,France,http://www.imdb.com/media/rm3752566528/tt0108333?ref_=tt_ov_i,The Three Musketeers,Stephane Herek, Walt Disney,1993,Autriche | UK | USA,"6,3"
Les trois mousquetaires,Alexandre Dumas,Aventure,1844,France,http://www.imdb.com/media/rm564182528/tt1509767?ref_=tt_ov_i,The Three Musketeers,Paul W.S Anderson,Constantin Film Produktion,2011,Allemagne | France | UK | USA,"5,8"
L'Homme qui rit,Victor Hugo,Historique,1869,France,http://www.imdb.com/media/rm219925504/tt0019130?ref_=tt_ov_i,The Man Who Laughs,Paul Léni, Universal Pictures,1928,USA,"7,8"
L'Homme qui rit,Victor Hugo,Historique,1869,France,http://www.allocine.fr/film/fichefilm-194176/photos/detail/?cmediafile=20258994,L'homme qui rit,JP Améris,Incognita Films,2012,France,6
Jane Eyre, Charlotte Brontë,Romance,1847,UK,http://www.imdb.com/media/rm3557151744/tt0036969?ref_=tt_ov_i,Jane Eyre,Robert Stevenson,  20th Century Fox Studios,1943,USA,"7,6"
Jane Eyre, Charlotte Brontë,Romance,1847,UK,http://www.imdb.com/media/rm1392352512/tt0116684?ref_=tt_ov_i,Jane Eyre,Franco Zeffirelli,Cineritino S.r.L.,1996,France | Italie | UK | USA,"6,8"
Jane Eyre, Charlotte Brontë,Romance,1847,UK,http://www.imdb.com/media/rm4096362240/tt1229822?ref_=tt_ov_i,Jane Eyre,Cary Fukunaga," Focus Features, BBC Films",2011,UK | USA,"7,4"
I am Legend,Richard Matheson,Science-fiction,1954,USA,http://www.imdb.com/media/rm3899439616/tt0058700?ref_=tt_ov_i,The Last Man on Earth,Sidney Salkow,Produzioni La Regina,1964,Italie | USA,7
I am Legend,Richard Matheson,Science-fiction,1954,USA,http://www.imdb.com/media/rm1530765056/tt0067525?ref_=tt_ov_i,The Omega Man,Boris Sagal,Walter Seltzer Productions,1971,USA,"6,6"
I am Legend,Richard Matheson,Science-fiction,1954,USA,http://www.imdb.com/media/rm3970142208/tt0480249?ref_=tt_ov_i,I am legend,Francis Lawrence, Warner Bros.,2007,USA,"7,2"
Les liaisons dangereuses,Pierre Choderlos de Laclos,Drama | romance,1782,France,http://www.imdb.com/media/rm1998822400/tt0053002?ref_=tt_ov_i,Les liaisons dangereuses,Roger Vadim,Les Films Marceau-Cocinor,1959,Italie | France,"6,9"
Les liaisons dangereuses,Pierre Choderlos de Laclos,Drama | romance,1782,France,http://www.imdb.com/media/rm3940523008/tt0094947?ref_=tt_ov_i,Dangerous Liaisons,Stephen Frears,Warner Bros.,1988,USA | UK,"7,7"
Les liaisons dangereuses,Pierre Choderlos de Laclos,Drama | romance,1782,France,http://www.imdb.com/media/rm2689324032/tt0139134?ref_=tt_ov_i,Cruel Intentions,Roger Kumble, Columbia Pictures Corporation,1999,USA,"6,9"
Les liaisons dangereuses,Pierre Choderlos de Laclos,Drama | romance,1782,France,http://www.imdb.com/media/rm2945621248/tt0380689?ref_=tt_ov_i,Untold Scandal,E J-yong,B.O.M. Film Productions Co.,2003,Corée du Sud,"7,1"
Les liaisons dangereuses,Pierre Choderlos de Laclos,Drama | romance,1782,France,http://www.imdb.com/media/rm1202170624/tt2071441?ref_=tt_ov_i,Dangerous Liaisons,Jin-ho hur,Easternlight Films,2012, Chine | Corée du Sud | Singapour,"5,8"
La dame aux camélias,Alexandre Dumas (Le fils),Romance,1848,France,N/A,La dame aux camélias,Viggo Larsen,N/A,1907,France,N/A
La dame aux camélias,Alexandre Dumas (Le fils),Romance,1848,France,http://www.imdb.com/media/rm771002112/tt0012027?ref_=tt_ov_i,Camille,Ray C. Smallwood,Nazimova Productions,1921,USA,"6,6"
La dame aux camélias,Alexandre Dumas (Le fils),Romance,1848,France,http://www.benitomovieposter.com/catalog/images/movieposter/dame-aux-camelias-la-img-22960.jpg,La dame aux camélias,Raymond Bernard,Compagnie Commerciale Française Cinématographique,1953,France | Italie,"6,1"
La dame aux camélias,Alexandre Dumas (Le fils),Romance,1848,France,http://www.imdb.com/media/rm773693184/tt0203009?ref_=tt_ov_i,Moulin Rouge!,Baz Lurhmann, 20th Century Fox Studios ,2001,USA | Australie,"7,7"
Frankenstein,Mary Shelley,Fantastique,1818,UK,http://www.imdb.com/media/rm2361639680/tt0021884?ref_=tt_ov_i,frankenstein,James Whale, Universal Pictures,1931,USA,8
Frankenstein,Mary Shelley,Fantastique,1818,UK,http://www.imdb.com/media/rm3397098496/tt0109836?ref_=tt_ov_i,Frankenstein,Kenneth Branagh,TriStar Pictures,1994,USA | Japon,"6,4"
Sherlock Holmes,Arthur Conan Doyle,Policier,1887,UK,http://www.imdb.com/media/rm2826030080/tt0013597?ref_=tt_ov_i,Sherlock Holmes,Albert Parker, Goldwyn Pictures Corporation,1922,USA,"5,8"
Sherlock Holmes,Arthur Conan Doyle,Policier,1887,UK,http://www.imdb.com/media/rm1396561152/tt0031022?ref_=tt_ov_i,The Adventures of Sherlock Holmes,Alfred L. Werker, 20th Century Fox Studios ,1939,USA,"7,6"
Sherlock Holmes,Arthur Conan Doyle,Policier,1887,UK,http://www.imdb.com/media/rm1684512000/tt0035317?ref_=tt_ov_i,Sherlock Holmes and the Secret Weapon,Roy William Neill, Universal Pictures,1943,USA,"6,8"
Sherlock Holmes,Arthur Conan Doyle,Policier,1887,UK,http://www.imdb.com/media/rm4059794944/tt0988045?ref_=tt_ov_i,Sherlock Holmes,Guy Ritchie,Warner Bros.,2009,USA | Allemagne,"7,6"
James Bond,Ian Fleming,Action,1953,UK,http://www.imdb.com/media/rm43877632/tt0055928?ref_=tt_ov_i,Dr. No,Terence Young, Eon Productions ,1962,UK,"7,3"
James Bond,Ian Fleming,Action,1953,UK,http://www.imdb.com/media/rm355239168/tt0113189?ref_=tt_ov_i,GoldenEye,Martin Campbell, Eon Productions,1995, UK | USA,"7,2"
James Bond,Ian Fleming,Action,1953,UK,http://www.imdb.com/media/rm4107842816/tt1074638?ref_=tt_ov_i,Skyfall,Sam Mendes,Eon Productions,2012,UK | USA,"7,8"
Batman,"Bob Kane, Bill Finger",Super-héros,1939,USA | UK,http://www.imdb.com/media/rm4123051520/tt0060153?ref_=tt_ov_i,Batman: The Movie,Leslie H. Martinson, 20th Century Fox Studios ,1966,USA,"6,5"
Batman,"Bob Kane, Bill Finger",Super-héros,1939,USA | UK,http://www.imdb.com/media/rm1225693184/tt0096895?ref_=tt_ov_i,Batman,Tim Burton,warner Bros.,1989,USA | UK,"7,6"
Batman,"Bob Kane, Bill Finger",Super-héros,1939,USA | UK,http://www.imdb.com/media/rm955554048/tt0372784?ref_=tt_ov_i,Batman Begins,Christopher Nolan, Warner Bros.,2005,USA | UK,"8,3"
Les misérables,Victor Hugo,Historique,1862,France,http://www.imdb.com/media/rm2831652608/tt0050709?ref_=ttmd_md_nxt,Les misérables,Jean Paul Le Chanois,Pathé ,1958,France,"7,6"
Les misérables,Victor Hugo,Historique,1862,France,http://www.imdb.com/media/rm3069615104/tt0113828?ref_=tt_ov_i,Les misérables,Richard Boleslawski,20th century pictures,1935,USA,"7,7"
Les misérables,Victor Hugo,Historique,1862,France,http://www.imdb.com/media/rm3069615104/tt0113828?ref_=tt_ov_i,Les misérables,Claude Lelouch,Canal +,1995,France,"7,5"
Les misérables,Victor Hugo,Historique,1862,France,http://www.imdb.com/media/rm1433639936/tt0119683?ref_=tt_ov_i,Les misérables,Bille August,Mandalay Entertainment,1998,USA,"7,5"
Les misérables,Victor Hugo,Historique,1862,France,http://www.imdb.com/media/rm2769463552/tt1707386?ref_=tt_ov_i,Les misérables,Tom Hooper,Universal Pictures,2012,USA,"7,7"
Le tour du monde en 80 jours,Jules Verne,Aventure,1873,France,http://www.imdb.com/media/rm1873517824/tt0327437?ref_=tt_ov_i,Around the World in Eighty Days,Frank Coraci,Walden media,2004,USA,"5,8"
Le tour du monde en 80 jours,Jules Verne,Aventure,1873,France,http://www.imdb.com/media/rm1618648320/tt0048960?ref_=tt_ov_i,Around the World in Eighty Days,Michael Anderson,Michael Todd Compagny,1956,USA,"6,8"
Conan the barbarian,Robert E. Howard,Fantasy,1932,USA,http://www.imdb.com/media/rm2726810624/tt0082198?ref_=tt_ov_i,Conan the Barbarian,John Milius,Universal pictures,1982,USA,"6,9"
Conan the barbarian,Robert E. Howard,Fantasy,1932,USA,http://www.imdb.com/media/rm1704312576/tt0816462?ref_=tt_ov_i,Conan the Barbarian,Marcus Nispel,Lionsgate,2011,USA,"5,2"
Le petit chaperon rouge,Charles Perrault,Conte,1697,France,http://upload.wikimedia.org/wikipedia/commons/thumb/a/aa/Film_Daily_cover_-_September_3_1922.jpg/220px-Film_Daily_cover_-_September_3_1922.jpg,Le petit chaperon rouge,Alberto Cavalcanti,Jean Renoir,1930,France,N/A
Le petit chaperon rouge,Charles Perrault,Conte,1697,France,http://ia.media-imdb.com/images/M/MV5BMTMxMTkxMjk1OF5BMl5BanBnXkFtZTcwMDkwOTc2NA@@._V1_SX214_AL_.jpg,Red Riding Hood,Adam Brooks,Metro-Goldwyn-Mayer (MGM),1989,USA,"5,6"
Le petit chaperon rouge,Charles Perrault,Conte,1697,France,http://www.imdb.com/media/rm3253375488/tt0443536?ref_=tt_ov_i,Hoodwinked!,Todd Edwards,Weinstein Company,2004,USA,"6,6"
Le petit chaperon rouge,Charles Perrault,Conte,1697,France,http://www.imdb.com/media/rm3982342912/tt1486185?ref_=tt_ov_i,Red Riding Hood,Catherine Hardwicke,Warner Bros.,2011,USA,"5,4"
Les voyages de Gulliver,Jonathan Swift,Aventure,1721,Irlande,http://www.imdb.com/media/rm2269510144/tt0229024?ref_=tt_ov_i,Le voyage de Gulliver à Lilliput et chez les géants,Georges Méliès,George Méliès,1902,France,"6,8"
Les voyages de Gulliver,Jonathan Swift,Aventure,1721,Irlande,http://www.imdb.com/media/rm130719488/tt0053882?ref_=tt_ov_i,The 3 Worlds of Gulliver,Jack Sher,Columbia Pictures,1960,USA,"6,4"
Les voyages de Gulliver,Jonathan Swift,Aventure,1721,Irlande,http://www.imdb.com/media/rm2632877824/tt1320261?ref_=tt_ov_i,Gulliver's Travels,Rob Letterman, 20th Century Fox Studios ,2010,USA,"4,9"
Robinson Crusoé,Daniel Defoë,Aventure,1719,UK,http://www.imdb.com/media/rm2470836736/tt0225132?ref_=tt_ov_i,Les aventures de Robinson Crusoé,George Méliès,George Méliès,1903,France,"5,4"
Robinson Crusoé,Daniel Defoë,Aventure,1719,UK,http://www.imdb.com/media/rm41849600/tt0058530?ref_=tt_ov_i,Robinson Crusoe on Mars,Byron Haskin,Aubrey Schenck Productions,1964,USA,"6,7"
Robinson Crusoé,Daniel Defoë,Aventure,1719,UK,http://www.imdb.com/media/rm2499648512/tt0064900?ref_=tt_ov_i,Robinson Crusoe and the tiger,René Cardona Jr,Avant Films S.A,1970,Mexique,"6,3"
Robinson Crusoé,Daniel Defoë,Aventure,1719,UK,http://www.imdb.com/media/rm1505336576/tt0044386?ref_=tt_ov_i,Robinson Crusoe,Luis Buñuel,Oscar Dancigers Production,1954,Mexique,7
Robinson Crusoé,Daniel Defoë,Aventure,1719,UK,http://www.imdb.com/media/rm936483840/tt0117496?ref_=tt_ov_i,Robinson Crusoe,Rod Hardy,Miramax Films,1997,USA,"5,9"
Robinson Crusoé,Daniel Defoë,Aventure,1719,UK,http://www.imdb.com/media/rm3519717120/tt0069541?ref_=tt_ov_i,Zhizn i udivitelnye priklyucheniya Robinzona Kruzo,Stanislav Govorukhin,Odessa Film Studios,1973,Russie,"6,3"
The Hobbit ,J.R.R Tolkien,Fantasy,1937,UK,http://www.imdb.com/media/rm3577719808/tt0903624?ref_=tt_ov_i,The Hobbit : An Unexpected Journey,Peter Jackson,New Line Cinema,2012,USA,8
The Hobbit ,J.R.R Tolkien,Fantasy,1937,UK,http://www.imdb.com/media/rm2431898112/tt1170358?ref_=tt_ov_i,The Hobbit : The Desolation of Smaug,Peter Jackson,New Line Cinema,2013,USA,8
The Hobbit ,J.R.R Tolkien,Fantasy,1937,UK,http://www.imdb.com/media/rm410502400/tt2310332?ref_=tt_ov_i,The Hobbit: The Battle of the Five Armies,Peter Jackson,New Line Cinema,2014,USA,N/A
Of Mice and Men,John Steinbeck,Drama,1937,USA,http://www.imdb.com/media/rm1661443072/tt0031742?ref_=tt_ov_i,Of Mice and Men,Lewis Milestone,Hal Roach Studios,1939,USA,"7,7"
Of Mice and Men,John Steinbeck,Drama,1937,USA,http://www.imdb.com/media/rm2647112448/tt0105046?ref_=tt_ov_i,Of Mice and Men,Gary Sinise,Metro-Goldwyn-Mayer (MGM),1992,USA,"7,6"
Total Recall ,Philip K. Dick,Science-Fiction,1966,UK,http://www.imdb.com/media/rm2618862336/tt0100802?ref_=tt_ov_i,Total Recall,Paul Verhoeven,Carolco Pictures,1990,USA,"7,5"
Total Recall ,Philip K. Dick,Science-Fiction,1966,UK,http://www.imdb.com/media/rm448637696/tt1386703?ref_=tt_ov_i,Total Recall,Len Wiseman,Total Recall,2012,USA,"6,3"
Le grand Meaulnes,Alain Fournier,Fiction,1913,France,http://www.imdb.com/media/rm381458176/tt0064389?ref_=tt_ov_i,Le grand Meaulnes,Jean-Gabriel Albicocco,Madeleine Films,1967,France,7
Le grand Meaulnes,Alain Fournier,Fiction,1913,France,http://fr.web.img3.acsta.net/medias/nmedia/18/60/02/15/18654749.jpg,Le grand Meaulnes,Jean-Daniel Verhaeghe,Mosca Films,2006,France,"5,6"
OSS 117,Jean Bruce,Espionnage | comédie,1949,France,http://www.imdb.com/media/rm3536625408/tt0139505?ref_=tt_ov_i,OSS117 n'est pas mort,Jean Sacha,Globe-Films,1957,France,"5,7"
OSS 117,Jean Bruce,Espionnage | comédie,1949,France,http://www.imdb.com/media/rm1113954048/tt0141673?ref_=tt_ov_i,OSS117 se déchaîne,André Hunebelle,CICC,1963,France,"5,4"
OSS 117,Jean Bruce,Espionnage | comédie,1949,France,http://www.imdb.com/media/rm1855888640/tt0062099?ref_=tt_ov_i,Niente rose per OSS 117,Renzo Cerrato,Da.Ma. Cinematografica,1968,Italie,"4,9"
OSS 117,Jean Bruce,Espionnage | comédie,1949,France,http://www.imdb.com/media/rm976066048/tt0464913?ref_=tt_ov_i,"OSS 117 Le Caire, nid d'espions",Michel Hazanavicius,Gaumont,2006,France,"7,1"
Solaris,Stanislas Lem,Science-Fiction,1961,Pologne,http://www.imdb.com/media/rm551078144/tt0069293?ref_=tt_ov_i,Solyaris,Andreï Tarkovski,Creative Unit of Writers & Cinema Workers,1972,Russie,"8,1"
Solaris,Stanislas Lem,Science-Fiction,1961,Pologne,http://www.imdb.com/media/rm3642398720/tt0307479?ref_=tt_ov_i,Solaris,Steven Solderbergh, 20th Century Fox Studios ,2002,USA,"6,2"
La machine à explorer le temps,HG Wells,Science-Fiction,1895,UK,http://www.imdb.com/media/rm1516163328/tt0054387?ref_=tt_ov_i,The Time Machine,George Pal,George Pal Productions,1960,USA,"7,6"
La machine à explorer le temps,HG Wells,Science-Fiction,1895,UK,http://www.imdb.com/media/rm3136788736/tt0268695?ref_=tt_ov_i,The Time Machine,Simon Wells,Warner Bros.,2002,USA,"5,9"
Treasure Island,Robert Louis Stevenson,Aventure,1881,UK,http://www.imdb.com/media/rm3417939712/tt0043067?ref_=tt_ov_i,Treasure Island,Byron Haskin,Walt Disney,1950,UK,7
Treasure Island,Robert Louis Stevenson,Aventure,1881,UK,http://www.imdb.com/media/rm3483081728/tt0069229?ref_=tt_ov_i,Treasure Island,Andrea Bianchi,CCC,1972,France,"6,1"
Treasure Island,Robert Louis Stevenson,Aventure,1881,UK,http://www.imdb.com/media/rm2405536256/tt0025907?ref_=tt_ov_i,Treasure Island,Victor Fleming,Metro-Goldwyn-Mayer (MGM),1934,USA,"7,2"
Treasure Island,Robert Louis Stevenson,Aventure,1881,UK,http://www.allocine.fr/video/player_gen_cmedia=18717118&cfilm=109457.html,L'île aux trésors,Alain Berbérian,FIT Productions,2007,France,"3,6"
Madame Bovary,Gustave Flaubert,Romance,1856,France,,Madame Bovary,Jean Renoir,Nouvelle Société de Films,1933,France,"6,7"
Madame Bovary,Gustave Flaubert,Romance,1856,France,http://www.imdb.com/media/rm322474496/tt0041615?ref_=tt_ov_i,Madame Bovary,Vicente Minnelli,Metro-Goldwyn-Mayer (MGM),1949,USA,"7,2"
Madame Bovary,Gustave Flaubert,Romance,1856,France,http://www.imdb.com/media/rm3016004864/tt0102368?ref_=tt_ov_i,Madame Bovary,Claude Chabrol,MK2 Production,1991,France,"6,6"
Madame Bovary,Gustave Flaubert,Romance,1856,France,http://www.imdb.com/media/rm3365062912/tt2334733?ref_=tt_ov_i,Madame Bovary,Sophie Barthes,A Company Filmproduktionsgesellschaft,2014,USA,"7,1"
The Wizard of Oz,Lyman Frank Baum,Fantastique,1900,USA,http://www.imdb.com/media/rm4171082752/tt0032138?ref_=tt_ov_i,The Wizard of Oz,Larry Semon,Warner Bros.,1939,USA,"8,1"
The Wizard of Oz,Lyman Frank Baum,Fantastique,1900,USA,http://www.imdb.com/media/rm2876351232/tt1623205?ref_=tt_ov_i,Oz the Great and Powerful,Sam Raimi,Walt Disney,2013,USA,"6,4"
Voyage au centre de la terre,Jule Vernes,Science-fiction,1864,France,"http://ia.media-imdb.com/images/M/MV5BMTk4NDk0NTM5Ml5BMl5BanBnXkFtZTYwMDA3NDk5._V1_SY317_CR5,0,214,317_AL_.jpg",Journey to the Center of the Earth,Henry Levin, 20th Century Fox Studios ,1959,USA,7
Voyage au centre de la terre,Jule Vernes,Science-fiction,1864,France,http://www.imdb.com/media/rm2092799744/tt0373051?ref_=tt_ov_i,Journey to the Center of the Earth,Eric Brevig,New Line Cinema,2008,USA,"5,8"
Pride and Prejudice,Jane Austen,Romance,1813,UK,http://www.imdb.com/media/rm2563808256/tt0032943?ref_=tt_ov_i,Pride and Prejudice,Robert Z. Leonard,Metro-Goldwyn-Mayer (MGM),1940,USA,"7,5"
Pride and Prejudice,Jane Austen,Romance,1813,UK,http://www.imdb.com/media/rm1343528192/tt0414387?ref_=tt_ov_i,Pride and Prejudice,Joe Wright,Universal pictures,2005,UK,"7,8"
The hunger games,Suzanne Collins,Science-fiction,2008,USA,http://www.imdb.com/media/rm2868031744/tt1392170?ref_=tt_ov_i,The Hunger Games,Gary Ross,Metropolitan Film,2012,USA,"7,3"
Catching fire,Suzanne Collins,Science-fiction,2009,USA,http://www.imdb.com/media/rm755621632/tt1951264?ref_=tt_ov_i,The Hunger Games : Catching Fire,Gary Ross,Metropolitan Film,2013,USA,"7,7"
Mockingjay,Suzanne Collins,Science-fiction,2010,USA,http://www.imdb.com/media/rm4250584832/tt1951265?ref_=tt_ov_i,"The Hunger Games: Mockingjay, Part 1",Gary Ross,Metropolitan Film,2014,USA,"7,6"
Mockingjay,Suzanne Collins,Science-fiction,2010,USA,,"The Hunger Games: Mockingjay, Part 2",Gary Ross,Metropolitan Film,2015,USA,N/A
Tarzan,Edgar Rice Burroughs,Aventure,1912,UK,http://www.imdb.com/media/rm3218054656/tt0028345?ref_=tt_ov_i,Tarzan Escapes,Richard Thorpe,Metro-Goldwyn-Mayer (MGM),1936,USA,7
Tarzan,Edgar Rice Burroughs,Aventure,1912,UK,http://www.imdb.com/media/rm2534326784/tt0023551?ref_=tt_ov_i,Tarzan the Ape Man,W.S. Van Dyke,Metro-Goldwyn-Mayer (MGM),1932,USA,"7,2"
Tarzan,Edgar Rice Burroughs,Aventure,1912,UK,http://www.imdb.com/media/rm270124544/tt0036414?ref_=tt_ov_i,Tarzan Triumphs,Wilhelm Thiele,Sol Lesser Productions,1943,USA,"7,1"
Tarzan,Edgar Rice Burroughs,Aventure,1912,UK,http://www.imdb.com/media/rm3728514304/tt0120855?ref_=tt_ov_i,Tarzan,Chris Buck,Walt Disney,1999,USA,"7,2"
Tarzan,Edgar Rice Burroughs,Aventure,1912,UK,http://www.imdb.com/media/rm1555465728/tt0054368?ref_=tt_ov_i,Tarzan the Magnificent,Robert Day,Solar Film Productions,1960,UK,"6,5"
Tarzan,Edgar Rice Burroughs,Aventure,1912,UK,http://www.imdb.com/media/rm1349950976/tt0035419?ref_=tt_ov_i,Tarzan's New York Adventure,Richard Thorpe,Metro-Goldwyn-Mayer (MGM),1942,USA,7
Tarzan,Edgar Rice Burroughs,Aventure,1912,UK,http://www.imdb.com/media/rm2085868288/tt1705952?ref_=tt_ov_i,Tarzan,Reinhard Klooss,Constantin Film Produktion,2013,Allemagne,"4,7"
The Jungle Book,Rudyard Kipling,Aventure,1894,UK,http://www.imdb.com/media/rm3879589120/tt0061852?ref_=tt_ov_i,The Jungle Book,Wolfgang Reitherman,Walt Disney,1967,USA,"7,6"
The Jungle Book,Rudyard Kipling,Aventure,1894,UK,http://www.imdb.com/media/rm1021746432/tt0110213?ref_=tt_ov_i,The Jungle Book,Stephen Sommers,Walt Disney Pictures,1994,USA,6
The Jungle Book,Rudyard Kipling,Aventure,1894,UK,http://www.imdb.com/media/rm2730266624/tt0034928?ref_=tt_ov_i,Jungle Book,Zoltan Korda,Alexander Korda Films,1942,USA,"6,8"
Les aventures de Tintin,Hergé,Aventure,1929,Belgique,http://www.imdb.com/media/rm4052783616/tt0055526?ref_=tt_ov_i,Tintin et le mystère de la Toison d'Or ,Jean-Jacques Vierne, Alliance de Production Cinematographique,1961,France,6
Les aventures de Tintin,Hergé,Aventure,1929,Belgique,http://www.imdb.com/media/rm1943974400/tt0983193?ref_=tt_ov_i,The Adventures of Tintin,Peter Jackson,Columbia | Paramount,2011,USA,"7,4"
The Minority report,Philip K.Dick,Science-fiction,1956,USA,"http://ia.media-imdb.com/images/M/MV5BMTc1NDI5NzQyNF5BMl5BanBnXkFtZTYwMjc4NTE5._V1_SY317_CR0,0,214,317_AL_.jpg",Minority report,Steven Spielberg, 20th Century Fox Studios ,2002,USA,"7,7"
Do Androids Dream of Electric Sheep?,Philip K.Dick,Science-fiction,1968,USA,http://ia.media-imdb.com/images/M/MV5BMTA4MDQxNTk2NDheQTJeQWpwZ15BbWU3MDE2NjIyODk@._V1_SX214_AL_.jpg,Blade runner,Ridley Scott, Ladd Company,1982,USA,"8,2"
1984,George Orwell,Science-fiction,1949,UK,http://ia.media-imdb.com/images/M/MV5BMTMyNjM0MjIxNF5BMl5BanBnXkFtZTcwNTc1OTc3MQ@@._V1_SX214_AL_.jpg,1984,Michael Anderson,Columbia,1956,USA,7
1984,George Orwell,Science-fiction,1949,UK,http://ia.media-imdb.com/images/M/MV5BMTgxNzc1MzMwNV5BMl5BanBnXkFtZTcwMDk3MjUyNA@@._V1_SX214_AL_.jpg,1984,Michael Radford, Umbrella-Rosenblum Films Production,1984,UK,"7,2"
The War of the Worlds,H.G Wells,Science-fiction,1898,UK,http://ia.media-imdb.com/images/M/MV5BMTY2NjQ5MDUzOF5BMl5BanBnXkFtZTgwMzY1NjAxMDE@._V1_SX214_AL_.jpg,The War of the Worlds,Byron Haskin,Paramount Pictures,1953,USA,"7,1"
The War of the Worlds,H.G Wells,Science-fiction,1898,UK,"http://ia.media-imdb.com/images/M/MV5BNDUyODAzNDI1Nl5BMl5BanBnXkFtZTcwMDA2NDAzMw@@._V1_SY317_CR0,0,214,317_AL_.jpg",War of the Worlds,Steven Spielberg,Paramount Pictures,2005,USA,"6,5"
Die unendliche Geschichte,Michael Ende,Fantastique,1979,Allemagne,http://www.imdb.com/media/rm2166660096/tt0088323?ref_=tt_ov_i,Die unendliche Geschichte,Wolfgang Petersen,Neue Constantin Film,1984,RFA,"7,4"
Spider-man,Stan Lee,Super-héros,1962,USA,http://www.imdb.com/media/rm3949369600/tt0145487?ref_=tt_ov_i,Spider-man,Sam Raimi,Columbia pictures,2002,USA,"7,3"
Spider-man,Stan Lee,Super-héros,1962,USA,http://www.imdb.com/media/rm2110040832/tt0948470?ref_=tt_ov_i,The Amazing Spider-Man,Marc Webb,Columbia pictures,2012,USA,"7,1"
Hulk,Stan Lee,Super-héros,1962,USA,http://www.imdb.com/media/rm700292864/tt0286716?ref_=tt_ov_i,Hulk,Ang Lee,Universal pictures,2003,USA,"5,7"
Hulk,Stan Lee,Super-héros,1962,USA,http://www.imdb.com/media/rm2081134080/tt0800080?ref_=tt_ov_i,The Incredible Hulk,Louis Leterrier,Universal pictures,2008,USA,"6,9"
Astérix et Obélix,Uderzo & Goscinny,Bande dessinée,1959,France | belgique,http://www.imdb.com/media/rm48340480/tt0061369?ref_=tt_ov_i,Astérix le Gaulois,Ray Goossens,Dargaud Film,1967,France | Belgique,"6,5"
Astérix et Obélix,Uderzo & Goscinny,Bande dessinée,1959,France | belgique,http://www.imdb.com/media/rm111057920/tt0072901?ref_=tt_ov_i,Les douze travaux d'Astérix,René Goscinny,Dargaud Film,1976,France | Belgique,"7,7"
Astérix et Obélix,Uderzo & Goscinny,Bande dessinée,1959,France | belgique,http://www.imdb.com/media/rm3122437632/tt0133385?ref_=tt_ov_i,Astérix & Obélix contre César,Claude Zidi,AMLF,1999,France | Allemagne,"5,8"
Astérix et Obélix,Uderzo & Goscinny,Bande dessinée,1959,France | belgique,http://www.imdb.com/media/rm410620928/tt0250223?ref_=tt_ov_i,Astérix & Obélix: Mission Cléopâtre,Alain Chabat,Canal+,2002,France,"6,6"
Astérix et Obélix,Uderzo & Goscinny,Bande dessinée,1959,France | belgique,http://www.imdb.com/media/rm284337920/tt1597522?ref_=tt_ov_i,Astérix & Obélix: Au service de sa Majesté,Laurent Tirard,Fidélité Films,2012,France,"5,3"
Astérix et Obélix,Uderzo & Goscinny,Bande dessinée,1959,France | belgique,http://www.allocine.fr/video/player_gen_cmedia=19548663&cfilm=187191.html,Astérix - Le Domaine des Dieux,"Mouis Clichy, Alexandre Astier",SND,2014,France,N/A
Superman,Jerry Siegel,Super-héros,1933,USA,http://www.imdb.com/media/rm3768104960/tt0044091?ref_=tt_ov_i,Superman and the Mole-Men,Lee Sholem,Lippert Pictures,1951,USA,"5,9"
Superman,Jerry Siegel,Super-héros,1933,USA,http://www.imdb.com/media/rm496082432/tt0078346?ref_=tt_ov_i,Superman,Richard Donner,Dovemead Films,1978,USA,"7,3"
Superman,Jerry Siegel,Super-héros,1933,USA,http://www.imdb.com/media/rm1955172864/tt0348150?ref_=tt_ov_i,Superman Returns,Bryan Singer,Warner Bros.,2006,USA,"6,1"
Superman,Jerry Siegel,Super-héros,1933,USA,http://www.imdb.com/media/rm1141941760/tt0770828?ref_=tt_ov_i,Man of steel,Zack Snyder,Warner Bros.,2013,USA,"7,3"
Romeo and Juliet,William Shakespeare,  Drama | Romance,1597,UK,http://www.imdb.com/media/rm1179309056/tt0063518?ref_=tt_ov_i,Romeo and Juliet,Franco Zeffirelli,BHE Films,1968,UK,"7,7"
Romeo and Juliet,William Shakespeare,  Drama | Romance,1597,UK,http://www.imdb.com/media/rm467114240/tt0117509?ref_=tt_ov_i,Romeo + Juliet,Baz Luhrmann,Bazmark Films,1996,USA,"6,9"
Romeo and Juliet,William Shakespeare,  Drama | Romance,1597,UK,http://www.imdb.com/media/rm2500433920/tt0165929?ref_=tt_ov_i,Romeo Must Die,Andrzej Bartkowiak,Warner Bros.,2000,USA,6
Romeo and Juliet,William Shakespeare,  Drama | Romance,1597,UK,http://www.imdb.com/media/rm1566628608/tt1645131?ref_=tt_ov_i,Romeo & Juliet,Carlo Carlei,Amber Entertainment,2013,UK,"5,7"
Romeo and Juliet,William Shakespeare,  Drama | Romance,1597,UK,http://www.imdb.com/media/rm3375813632/tt3466476?ref_=tt_ov_i,Romeo and Juliet,Don Roy King,N/A,2014,USA,"5,6"
Charlie and the Chocolate Factory,Roald Dahl,Fantastique,1964,UK,http://www.imdb.com/media/rm3445414144/tt0067992?ref_=tt_ov_i,Willy Wonka & the Chocolate Factory,Mel Stuart,Wolper Pictures Ltd.,1971,USA,"7,8"
Charlie and the Chocolate Factory,Roald Dahl,Fantastique,1964,UK,http://www.imdb.com/media/rm1861258496/tt0367594?ref_=tt_ov_i,Charlie and the Chocolate Factory,Tim Burton,Warner Bros.,2005,USA,"6,7"
Bel-ami,Guy de Maupassant,Drama ,1885,France,http://www.imdb.com/media/rm3564608512/tt0047868?ref_=tt_ov_i,Bel Ami,Louis Daquin,Projektograph Film,1955,Autriche,5
Bel-ami,Guy de Maupassant,Drama,1885,France,http://www.imdb.com/media/rm99584768/tt0031092?ref_=tt_ov_i,Bel Ami,Willi Forst,Deutsche Forst-Filmproduktion GmbH,1939,Allemagne,"6,9"
Bel-ami,Guy de Maupassant,Drama,1885,France,http://www.imdb.com/media/rm2098919936/tt0039735?ref_=tt_ov_i,The Private Affairs of Bel Ami,Albert Lewin,David L. Loew-Albert Lewin,1947,USA,"6,8"
Bel-ami,Guy de Maupassant,Drama,1885,France,http://www.imdb.com/media/rm1483454208/tt1440732?ref_=tt_ov_i,Bel Ami,Declan Donnellan,Redwave Films,2012,UK,"5,4"
Cyrano de Bergerac,Edmond Rostand,Romance,1897,France,http://www.imdb.com/media/rm95198464/tt0042367?ref_=tt_ov_i,Cyrano de Bergerac,Michael Gordon,Stanley Kramer Productions,1950,USA,"7,6"
Cyrano de Bergerac,Edmond Rostand,Romance,1897,France,http://www.imdb.com/media/rm2394791168/tt0099334?ref_=tt_ov_i,Cyrano de Bergerac,Jean-Paul Rappeneau,"Caméra One, CNC",1990,France,"7,6"
Le fantôme de l'opéra,Gaston Leroux,Fantastique,1910,France,http://www.imdb.com/media/rm1817102592/tt0016220?ref_=tt_ov_i,The Phantom of the Opera,Rupert Julian,Universal pictures,1925,USA,"7,7"
Le fantôme de l'opéra,Gaston Leroux,Fantastique,1910,France,http://www.imdb.com/media/rm1115996928/tt0036261?ref_=tt_ov_i,Phantom of the Opera,Arthur Lubin,Universal pictures,1943,USA,"6,5"
Le fantôme de l'opéra,Gaston Leroux,Fantastique,1910,France,http://www.imdb.com/media/rm4012874752/tt0056347?ref_=tt_ov_i,The Phantom of the Opera,Terence Fisher,Hammer Film Productions,1962,UK,"6,4"
Le fantôme de l'opéra,Gaston Leroux,Fantastique,1910,France,http://www.imdb.com/media/rm208576256/tt0119889?ref_=tt_ov_i,Il fantasma dell'opera,Dario Argento,Medusa Film,1998,Italie,"4,2"
Le fantôme de l'opéra,Gaston Leroux,Fantastique,1910,France,http://www.imdb.com/media/rm2122358016/tt0098090?ref_=tt_ov_i,The Phantom of the Opera,Dwight H. Little,21st Century Film Corporation,1989,USA,"5,4"
Le fantôme de l'opéra,Gaston Leroux,Fantastique,1910,France,http://www.imdb.com/media/rm3963456512/tt0293508?ref_=tt_ov_i,The Phantom of the Opera,Joel Schumacher,Warner Bros.,2004,UK | USA,"7,4"
Schneewittchen,Jacob et Wilhelm Grimm,Conte,1812,Allemagne,http://www.imdb.com/media/rm1672720384/tt1667353?ref_=tt_ov_i,Mirror Mirror,Tarsem Singh,Relativity Media,2012,USA,"5,6"
Schneewittchen,Jacob et Wilhelm Grimm,Conte,1812,Allemagne,http://www.imdb.com/media/rm3994923520/tt1735898?ref_=tt_ov_i,Snow White and the Huntsman,Rupert Sanders,Universal pictures,2012,USA,"6,2"
Schneewittchen,Jacob et Wilhelm Grimm,Conte,1812,Allemagne,http://www.imdb.com/media/rm1809233664/tt0029583?ref_=tt_ov_i,Snow White and the Seven Dwarfs,William Cottrell,Walt Disney,1937,USA,"7,7"
Schneewittchen,Jacob et Wilhelm Grimm,Conte,1812,Allemagne,http://www.imdb.com/media/rm3099761664/tt0119227?ref_=tt_ov_i,Snow White: A Tale of Terror,Michael Cohn,Polygram Filmed Entertainment,1997,USA,"6,3"
Schneewittchen,Jacob et Wilhelm Grimm,Conte,1812,Allemagne,http://www.imdb.com/media/rm1844158208/tt0267155?ref_=tt_ov_i,Branca de Neve,João César Monteiro,Madragoa Filmes,2000,Portugal,"4,6"
Schneewittchen,Jacob et Wilhelm Grimm,Conte,1812,Allemagne,http://www.imdb.com/media/rm1515770368/tt2149137?ref_=tt_ov_i,Snow White: A Deadly Summer,David DeCoteau,Hybrid Presents,2012,USA,"2,2"
Le mystère de la chambre jaune,Gaston Leroux,policier,1908,France,http://www.imdb.com/media/rm3938360576/tt0356922?ref_=tt_ov_i,Le mystère de la chambre jaune,Bruno Podalydès,Canal +,2003,France,"6,4"
Le mystère de la chambre jaune,Gaston Leroux,policier,1908,France,http://www.imdb.com/media/rm1658244352/tt0021168?ref_=tt_ov_i,Le mystère de la chambre jaune,Marcel L'Herbier,Les Films Osso,1930,France,"6,9"
Le mystère de la chambre jaune,Gaston Leroux,policier,1908,France,N/A,Le mystère de la chambre jaune,Emile Chautard,Société Française des Films Éclair,1913,France,N/A
Les mystères de Paris,Eugène Sue,Thriller,1842,France,http://www.imdb.com/media/rm2327810560/tt0056268?ref_=tt_ov_i,Les mystères de Paris,André Hunebelle,Da.Ma. Cinematografica,1962,France,"6,2"
Les mystères de Paris,Eugène Sue,Thriller,1842,France,N/A,Les mystères de Paris,Jacques de Baroncelli,DisCina,1943,France,"6,5"
Poil de carotte,Jules Renard,Fiction,1894,France,http://www.imdb.com/media/rm3554839296/tt0023345?ref_=tt_ov_i,Poil de carotte,Julien Duvivier,Les Films Marcel Vandal et Charles Delac,1932,France,"7,5"
Poil de carotte,Jules Renard,Fiction,1894,France,http://www.imdb.com/media/rm3883520512/tt0069108?ref_=tt_ov_i,Poil de carotte,Henri Graziani,Cinequanon,1973,France,"5,2"
"Oliver Twist, or, The Parish Boy's Progress",Charles Dickens,Fiction,1838,UK,http://www.imdb.com/media/rm285711360/tt0024405?ref_=tt_ov_i,Oliver Twist,William J. Cowen,Monogram Pictures,1933,USA,"4,9"
"Oliver Twist, or, The Parish Boy's Progress",Charles Dickens,Fiction,1838,UK,http://www.imdb.com/media/rm725262080/tt0040662?ref_=tt_ov_i,Oliver Twist,David Lean,Cineguild,1948,UK,"7,8"
"Oliver Twist, or, The Parish Boy's Progress",Charles Dickens,Fiction,1838,UK,http://www.imdb.com/media/rm2387844864/tt0272226?ref_=tt_ov_i,Oliver Twist,Hal Sutherland,Filmation Associates,1974,USA,"6,3"
"Oliver Twist, or, The Parish Boy's Progress",Charles Dickens,Fiction,1838,UK,http://www.imdb.com/media/rm4255096320/tt0095776?ref_=tt_ov_i,Oliver & Company,George Scribner,Walt Disney,1988,USA,"6,7"
"Oliver Twist, or, The Parish Boy's Progress",Charles Dickens,Fiction,1838,UK,http://www.imdb.com/media/rm893230336/tt0380599?ref_=tt_ov_i,Oliver Twist,Roman Polanski,R.P. Productions,2005,UK | République Tchèque,"6,9"
A Christmas Carol,Charles Dickens,Conte,1843,UK,http://www.imdb.com/media/rm403363072/tt0044008?ref_=tt_ov_i,Scrooge,Brian Desmond Hurst,George Minter Productions,1951,UK,"8,1"
A Christmas Carol,Charles Dickens,Conte,1843,UK,http://www.imdb.com/media/rm735878656/tt0029992?ref_=tt_ov_i,A Christmas Carol,Edwin L. Marin,Metro-Goldwyn-Mayer (MGM),1938,USA,"7,5"
A Christmas Carol,Charles Dickens,Conte,1843,UK,http://www.imdb.com/media/rm2890238208/tt1067106?ref_=tt_ov_i,A Christmas Carol,Robert Zemeckis,Walt Disney,2009,USA,"6,8"
A Christmas Carol,Charles Dickens,Conte,1843,UK,http://www.imdb.com/media/rm528539392/tt2294459?ref_=tt_ov_i,A Christmas Carol,Jason Figgis,October Eleven Pictures Ltd,2012,Irlande,"5,9"
White Fang,Jack London,Aventure,1906,USA,http://www.imdb.com/media/rm2581109760/tt0103247?ref_=tt_ov_i,White Fang,Randal Kleiser,Walt Disney,1991,USA,"6,6"
White Fang,Jack London,Aventure,1906,USA,http://www.imdb.com/media/rm856989440/tt0072436?ref_=tt_ov_i,Zanna Bianca alla riscossa,Tonino Ricci,Paneuropean Production Pictures,1974,Italie,"5,7"
White Fang,Jack London,Aventure,1906,USA,http://www.imdb.com/media/rm4279158784/tt0360007?ref_=tt_ov_i,La spacconata,Alfonso Brescia,Pleiade Film,1975,Italie,"4,9"
Jason Bourne : The Bourne Identity,Robert Ludlum,Espionnage,1980,USA,http://www.imdb.com/media/rm4112816384/tt0258463?ref_=tt_ov_i,The Bourne identity,Doug Liman,Universal Pictures,2002,USA,"7,9"
Jason Bourne ,Robert Ludlum,Espionnage,1980,USA,http://www.imdb.com/media/rm1421323008/tt1194173?ref_=tt_ov_i,The Bourne legacy,Tony Gilroy,Universal Pictures,2012,USA,"6,7"
Captain America,"Jack Kirby,  Joe Simon",Super-héros,1940,USA,http://www.imdb.com/media/rm1712168704/tt0078937?ref_=tt_ov_i,Captain America,Rod Holcomb,Universal TV,1979,USA,"3,6"
Captain America,"Jack Kirby,  Joe Simon",Super-héros,1940,USA,http://www.imdb.com/media/rm27369216/tt0036697?ref_=tt_ov_i,Captain America,"Elmer Clifton, John English",Republic Pictures,1944,USA,"6,2"
Captain America,"Jack Kirby,  Joe Simon",Super-héros,1940,USA,http://www.bleedingcool.com/2014/10/24/eriks-weekly-watch-return-to-gotham-not-the-comic-book-show-we-deserve/gotham-balloon-man/,Captain America,Albert Pyun,21st Century Film Corporation,1990,USA,"3,2"
Captain America,"Jack Kirby,  Joe Simon",Super-héros,1940,USA,http://www.imdb.com/media/rm2438905344/tt0458339?ref_=tt_ov_i,Captain America: The First Avenger,Joe Johnston,Marvel Entertainment,2011,USA,"6,8"
Captain America,"Jack Kirby,  Joe Simon",Super-héros,1940,USA,http://www.imdb.com/media/rm3643984384/tt1843866?ref_=tt_ov_i,Captain America: The Winter Soldier,Anthony Russo,Marvel Entertainment,2014,USA,"7,9"
The Thirty-Nine Steps,John Buchan,Espionnage ,1915,UK,http://www.imdb.com/media/rm4130440192/tt0026029?ref_=tt_ov_i,The 39 Steps,Alfred Hitchcock,Gaumont British Picture ,1935,UK,"7,9"
The Thirty-Nine Steps,John Buchan,Espionnage ,1915,UK,http://www.imdb.com/media/rm410571264/tt0053354?ref_=tt_ov_i,The 39 Steps,Ralph Thomas,Rank Organisation,1959,UK,"6,6"
The Thirty-Nine Steps,John Buchan,Espionnage ,1915,UK,http://www.imdb.com/media/rm293261824/tt0078389?ref_=tt_ov_i,The Thirty-Nine Steps,Don Sharp,Rank Organisation,1978,UK,"6,6"
Wuthering Heights,Emily Brontë,Romance,1925,UK,http://upload.wikimedia.org/wikipedia/commons/9/9f/Wuthering_Heights_1920.jpg,Wuthering Heights,A.V. Bramble,Ideal,1920,UK,"7,7"
Wuthering Heights,Emily Brontë,Romance,1925,UK,http://www.imdb.com/media/rm2146483712/tt0032145?ref_=tt_ov_i,Wuthering Heights,William Wyler,Samuel Goldwyn Company,1939,USA,"7,8"
Wuthering Heights,Emily Brontë,Romance,1925,UK,http://www.imdb.com/media/rm1706922496/tt0095786?ref_=tt_ov_i,Arashi ga oka,Yoshishige Yoshida,Mediactuel,1988,Japon,"7,2"
Wuthering Heights,Emily Brontë,Romance,1925,UK,http://3.bp.blogspot.com/-OMpBTccTuYI/UV06uHT1aeI/AAAAAAAAA84/BtmvnmRI9xg/s1600/abis.jpg,Abismos de pasión,Luis Buñuel,Producciones Tepeyac,1953,Mexique,"6,9"
Wuthering Heights,Emily Brontë,Romance,1925,UK,http://www.imdb.com/media/rm4153777920/tt0104181?ref_=tt_ov_i,Wuthering Heights,Peter Kosminsky,Paramount Pictures,1992,UK | USA,"6,9"
Wuthering Heights,Emily Brontë,Romance,1925,UK,http://www.imdb.com/media/rm2754390272/tt1181614?ref_=tt_ov_i,Wuthering Heights,Andrea Arnold,Ecosse Films,2011,UK,"6,1"
Wuthering Heights,Emily Brontë,Romance,1925,UK,http://www.imdb.com/media/rm3274350080/tt0066585?ref_=tt_ov_i,Wuthering Heights,Robert Fuest,American International Pictures ,1970,UK,"6,6"
Wuthering Heights,Emily Brontë,Romance,1925,UK,http://www.imdb.com/media/rm2469239808/tt0089312?ref_=tt_ov_i,Hurlevent,Jacques Rivette,La Cecilia,1985,France,"6,4"
Il Gattopardo,Giuseppe Tomasi di Lampedusa,Historique,1958,Italie,http://www.imdb.com/media/rm246856192/tt0057091?ref_=tt_ov_i,Il gattopardo,Luchino Visconti,Titanus,1963,Italie,"8,1"
Carrie,Stephen King,Horreur,1974,USA,http://www.imdb.com/media/rm279755264/tt0074285?ref_=tt_ov_i,Carrie,Brian De Palma,Metro-Goldwyn-Mayer (MGM),1976,USA,"7,4"
Carrie,Stephen King,Horreur,1974,USA,http://www.imdb.com/media/rm3312246528/tt1939659?ref_=tt_ov_i,Carrie,Kimberly Peirce,Metro-Goldwyn-Mayer (MGM),2013,USA,6
Dreamcatcher,Stephen King,Horreur,2001,USA,http://www.imdb.com/media/rm842042368/tt0285531?ref_=tt_ov_i,Dreamcatcher,Lawrence Kasdan,Castle Rock Entertainment,2003,USA,"5,5"
The Maltese Falcon,Dashiell Hammett,Policier,1930,USA,http://www.imdb.com/media/rm1499972352/tt0022111?ref_=tt_ov_i,The Maltese Falcon,Roy Del Ruth,Warner Bros.,1931,USA,"7,5"
The Maltese Falcon,Dashiell Hammett,Policier,1930,USA,http://www.imdb.com/media/rm2791949056/tt0033870?ref_=tt_ov_i,The Maltese Falcon,John Huston,Warner Bros.,1941,USA,"8,2"
The Maltese Falcon,Dashiell Hammett,Policier,1930,USA,http://www.imdb.com/media/rm1794087936/tt0028219?ref_=tt_ov_i,Satan Met a Lady,William Dieterle,Warner Bros.,1936,USA,"6,2"
The Maltese Falcon,Dashiell Hammett,Policier,1930,USA,http://www2.alibris-static.com/cover/u59545bqxrb.jpg,Target: Harry,Roger Corman,Corman Company,1969,USA,5
True Grit,Charles Portis,Western,1968,USA,http://www.imdb.com/media/rm3033830144/tt0065126?ref_=tt_ov_i,True Grit,Henry Hathaway,Paramount Pictures,1969,USA,"7,7"
True Grit,Charles Portis,Western,1968,USA,http://www.imdb.com/media/rm3393815552/tt1403865?ref_=tt_ov_i,True Grit,"Ethan Coen, Joel Coen",Paramount Pictures,2010,USA,"7,7"
Brighton Rock,Graham Greene,Thriller,1938,UK,http://www.imdb.com/media/rm550411264/tt0039220?ref_=tt_ov_i,Brighton Rock,John Boulting,Associated British Picture Corporation,1947,UK,"7,5"
Brighton Rock,Graham Greene,Thriller,1938,UK,http://www.imdb.com/media/rm1864860928/tt1233192?ref_=tt_ov_i,Brighton Rock,Rowan Joffe,StudioCanal,2010,UK,"5,8"
Lord of the Flies,William Golding,Thriller,1954,UK,http://www.imdb.com/media/rm3712261888/tt0057261?ref_=tt_ov_i,Lord of the Flies,Peter Brook,Two Arts Ltd.,1963,UK,7
Lord of the Flies,William Golding,Thriller,1954,UK,http://www.imdb.com/media/rm3966089728/tt0100054?ref_=tt_ov_i,Lord of the Flies,Harry Hook,Metro-Goldwyn-Mayer (MGM),1990,USA,"6,4"
The big sleep,Raymond Chandler,Thriller,1939,USA,http://www.imdb.com/media/rm613663488/tt0038355?ref_=tt_ov_i,The Big Sleep,Howard Hawks,Warner Bros.,1946,USA,"8,1"
The big sleep,Raymond Chandler,Thriller,1939,USA,http://www.imdb.com/media/rm2153553408/tt0077234?ref_=tt_ov_i,The Big Sleep,Michael Winner,Incorporated Television Company ,1978,UK,"5,7"
Cendrillon ou la Petite Pantoufle de verre,Charles Perrault,Conte,1697,France,http://www.imdb.com/media/rm500220928/tt0042332?ref_=tt_ov_i,Cinderella,Clyde Geronimi,Walt Disney,1950,USA,"7,3"
Cendrillon ou la Petite Pantoufle de verre,Charles Perrault,Conte,1697,France,http://www.imdb.com/media/rm137010688/tt0120631?ref_=tt_ov_i,EverAfter,Andy Tennant, 20th Century Fox Studios ,1998,USA,"6,9"
Cendrillon ou la Petite Pantoufle de verre,Charles Perrault,Conte,1697,France,http://www.imdb.com/media/rm1378652672/tt0308353?ref_=tt_ov_i,Happily N'Ever After,Paul Bolger,Lionsgate,2006,USA / Allemagne,"4,5"
Cendrillon ou la Petite Pantoufle de verre,Charles Perrault,Conte,1697,France,http://www.imdb.com/media/rm174567680/tt1435990?ref_=tt_ov_i,Cendrillon au Far West,Pascal Hérold,Herold and Family,2012,France,"3,7"
Cendrillon ou la Petite Pantoufle de verre,Charles Perrault,Conte,1697,France,http://www.imdb.com/media/rm589101056/tt1661199?ref_=tt_ov_i,Cinderella,Kenneth Branagh,Walt Disney,2015,USA,N/A
Cendrillon ou la Petite Pantoufle de verre,Charles Perrault,Conte,1697,France,http://www.imdb.com/media/rm1182964992/tt0053716?ref_=tt_ov_i,Cinderfella,Frank Tashlin,Jerry Lewis Productions,1960,USA,"5,9"
Cendrillon ou la Petite Pantoufle de verre,Charles Perrault,Conte,1697,France,http://www.imdb.com/media/rm1224056064/tt0070832?ref_=tt_ov_i,Tri orísky pro Popelku,Václav Vorlícek,Deutsche Film,1973,Tchékoslovaquie | RDA,8
Cendrillon ou la Petite Pantoufle de verre,Charles Perrault,Conte,1697,France,http://www.imdb.com/media/rm682401024/tt0356470?ref_=tt_ov_i,A Cinderella Story,Mark Rosman,Warner Bros.,2004,USA,"5,8"
Les Schtroumpfs,Peyo,Bande dessinée,1958,Belgique,http://www.imdb.com/media/rm481016576/tt0472181?ref_=tt_ov_i,The Smurfs,Raja Gosnell,Columbia Pictures,2011,USA,"5,5"
L'élève Ducobu,Zidrou,Bande dessinée,1992,Belgique,http://www.imdb.com/media/rm3038494208/tt1810864?ref_=tt_ov_i,L'élève Ducobu,Philippe de Chauveron,Union Générale Cinématographique (UGC),2011,France,"4,7"
Vierundzwanzig Stunden aus dem Leben einer Frau,Stefan Zweig,Drama,1927,Allemagne,N/A,Vingt-quatre heures de la vie d'une femme,Dominique Delouche,Progéfi,1928,France,"6,9"
Vierundzwanzig Stunden aus dem Leben einer Frau,Stefan Zweig,Drama,1927,Allemagne,N/A,Vingt-quatre heures de la vie d'une femme, Laurent Bouhnik,Centre National de la Cinématographie (CNC),2002,France,"6,3"
Revolutionary Road ,Richard Yates,Drama,1961,USA,http://www.imdb.com/media/rm1508349184/tt0959337?ref_=tt_ov_i,Revolutionary Road,Sam Mendes,DreamWorks SKG,2008,USA,"7,4"
 Fahrenheit 451,Ray Bradbury,Science-fiction ,1953,USA,http://www.imdb.com/media/rm3494892544/tt0060390?ref_=tt_ov_i, Fahrenheit 451,François Truffaut,Anglo Enterprises,1966,UK,"7,2"
Trainspotting, Irvine Welsh,Drama,1993,UK,http://www.imdb.com/media/rm1847908608/tt0117951?ref_=tt_ov_i,Trainspotting,Danny Boyle,Channel Four Films,1996,UK,"8,2"
The Help,Kathryn Stockett,Drama,2009,USA,http://www.imdb.com/media/rm925546496/tt1454029?ref_=tt_ov_i,The Help,Tate Taylor,DreamWorks SKG ,2011,USA,"8,1"
Misery,Stephen King,Thriller,1987,USA,http://www.imdb.com/media/rm4247370240/tt0100157?ref_=tt_ov_i,Misery,Rob Reiner,Castle Rock Entertainment ,1990,USA,"7,8"
The Shining,Stephen King,Horreur,1977,USA,http://www.imdb.com/media/rm4286372096/tt0081505?ref_=tt_ov_i,The Shining,Stanley Kubrick, Warner Bros.,1980,USA,"8,5"
Christine,Stephen King,Fantastique,1983,USA,http://www.imdb.com/media/rm430284288/tt0085333?ref_=tt_ov_i,Christine,John Carpenter, Columbia Pictures Corporation,1983,USA,"6,6"
The Dead Zone,Stephen King,Fantastique,1979,USA,http://www.imdb.com/media/rm2195691776/tt0085407?ref_=tt_ov_i,The Dead Zone, David Cronenberg,Dino De Laurentiis Company,1983,USA,"7,3"
Thinner,Stephen King,Horreur,1984,USA,http://www.imdb.com/media/rm3419905280/tt0117894?ref_=tt_ov_i,Thinner,Tom Holland, Paramount Pictures,1996,USA,"5,6"
The Green Mile,Stephen King,Fantastique,1996,USA,http://www.imdb.com/media/rm946247936/tt0120689?ref_=tt_ov_i,The Green Mile, Frank Darabont, Castle Rock Entertainment,1999,USA,"8,5"
The Virgin Suicides,Jeffrey Eugenides,Drama,1993,USA,http://www.imdb.com/media/rm1082436608/tt0159097?ref_=tt_ov_i,The Virgin Suicides,Sofia Coppola,American Zoetrope,1999,USA,"7,2"
Black Sunday,Thomas Harris,Thriller,1975,USA,http://www.imdb.com/media/rm3874528256/tt0075765?ref_=tt_ov_i,Black Sunday,John Frankenheimer, Paramount Pictures,1977,USA,"6,8"
Red Dragon,Thomas Harris,Thriller,1981,USA,http://www.imdb.com/media/rm3039931392/tt0091474?ref_=tt_ov_i,Manhunter, Michael Mann,De Laurentiis Entertainment Group (DEG),1986,USA,"7,2"
Red Dragon,Thomas Harris,Thriller,1981,USA,http://www.imdb.com/media/rm508598272/tt0289765?ref_=tt_ov_i,Red dragon, Brett Ratner, Universal Pictures,2002,USA,"7,2"
The Silence of the Lambs,Thomas Harris,Thriller,1988,USA,http://www.imdb.com/media/rm2923739648/tt0102926?ref_=tt_ov_i,The Silence of the Lambs,Jonathan Demme,Strong Heart | Demme Production,1991,USA,"8,6"
Hannibal,Thomas Harris,Thriller,1999,USA,http://www.imdb.com/media/rm2541147136/tt0212985?ref_=tt_ov_i,Hannibal, Ridley Scott,Metro-Goldwyn-Mayer (MGM),2001,USA,"6,7"
Hannibal Rising,Thomas Harris,Thriller,2006,USA,http://www.imdb.com/media/rm3760886272/tt0367959?ref_=tt_ov_i,Hannibal Rising,Peter Webber,Young Hannibal Productions,2007, UK | République Tchèque | France | Italie,"6,2"
Into the Wild,Jon Krakauer,Biographie,1996,USA,http://www.imdb.com/title/tt0758758/?ref_=ttco_co_tt,Into the Wild, Sean Penn ,Paramount Vantage,2007,USA,"8,2"
The Notebook ,Nicholas Sparks,Drama | Romance,1996,USA,http://www.imdb.com/media/rm1153669376/tt0332280?ref_=tt_ov_i,The Notebook, Nick Cassavetes, New Line Cinema,2004,USA,8
Message in a bottle,Nicholas Sparks, Drama | Romance  ,1998,USA,http://www.imdb.com/media/rm2455346176/tt0139462?ref_=tt_ov_i,Message in a bottle,Luis Mandoki, Bel Air Entertainment,1999,USA,"6,1"
A walk to remember ,Nicholas Sparks,Drama | Romance ,1999,USA,http://www.imdb.com/media/rm1016629504/tt0281358?ref_=tt_ov_i,A walk to remember ,Adam Shankman, Warner Bros.,2002,USA,"7,4"
Nights in Rodanthe,Nicholas Sparks,  Drama | Romance,2002,USA,http://www.imdb.com/media/rm1241027840/tt0956038?ref_=tt_ov_i,Nights in Rodanthe,George C. Wolfe,Warner Bros.,2008,USA,"5,9"
Dear John,Nicholas Sparks,Drama | Romance | War  ,2006,USA,http://www.imdb.com/media/rm2761985536/tt0989757?ref_=tt_ov_i,Dear John,Lasse Hallström, Screen Gems,2010,USA,"6,3"
The Lucky One,Nicholas Sparks,  Drama | Romance,2008,USA,http://www.imdb.com/media/rm4285707008/tt1327194?ref_=tt_ov_i,The Lucky One,Scott Hicks,Warner Bros.,2012,USA,"6,5"
The Last Song,Nicholas Sparks,  Drama | Romance,2009,USA,http://www.imdb.com/media/rm1355665920/tt1294226?ref_=tt_ov_i,The Last Song,Julie Anne Robinson, Touchstone Pictures,2010,USA,"5,7"
Safe Haven,Nicholas Sparks,Drama | Romance | Thriller ,2010,USA,http://www.imdb.com/media/rm3990463232/tt1702439?ref_=tt_ov_i,Safe Haven,Lasse Hallström,Relativity Media,2013,USA,"6,7"
The Best of Me,Nicholas Sparks,  Drama | Romance,2011,USA,http://www.imdb.com/media/rm523619584/tt1972779?ref_=tt_ov_i,The Best of Me,Michael Hoffman, DiNovi Pictures,2014,USA,"6,3"
Gone Girl,Gillian Flynn,Thriller,2012,USA,http://www.imdb.com/media/rm2766521344/tt2267998?ref_=tt_ov_i,Gone Girl,David Fincher, 20th Century Fox Studios ,2014,USA,"8,4"
Tell No One,Harlan Coben,Thriller,2001,USA,http://www.imdb.com/media/rm711104256/tt0362225?ref_=tt_ov_i,Ne le dis à personne,Guillaume Canet,Les Productions du Trésor,2006,France,"7,6"
"Eat, Pray, Love : One Woman's Search for Everything Across Italy, India and Indonesia",Elizabeth Gilbert,Drama,2006,USA,http://www.imdb.com/media/rm2612429312/tt0879870?ref_=tt_ov_i,Eat Pray Love,Ryan Murphy, Columbia Pictures,2010,USA,"5,6"
Ten Little Niggers,Agatha Christie,Policier,1939, UK,http://www.imdb.com/media/rm3106511872/tt0037515?ref_=tt_ov_i,And Then There Were None,René Clair, Rene Clair Productions,1945,USA,"7,6"
Ten Little Niggers,Agatha Christie,Policier,1939, UK,http://www.imdb.com/media/rm3574176768/tt0061075?ref_=tt_ov_i,Ten Little Indians,George Pollock, Tenlit Films Ltd.,1965,UK,"6,7"
Ten Little Niggers,Agatha Christie,Policier,1939, UK,http://www.imdb.com/media/rm3758071040/tt0072263?ref_=tt_ov_i,Ein Unbekannter rechnet ab,Peter Collinson,Corona Filmproduktion,1974, Italie | RFA | France | Espagne | UK,"5,8"
Ten Little Niggers,Agatha Christie,Policier,1939, UK,N/A,Десять негритят,Stanislav Govoroukhine, Odessa Film Studios,1987,Union soviétique,8
Ten Little Niggers,Agatha Christie,Policier,1939, UK,http://www.imdb.com/media/rm1605082880/tt0098454?ref_=tt_ov_i,Ten Little Indians,Alan Birkinshaw, Breton Film Productions,1989,UK,"4,7"
Peril at End House,Agatha Christie,Policier,1932, UK,N/A,Zagadka Endkhauza,Vadim Derbenyov, Krug,1989,Union soviétique,"6,1"
Lord Edgware Dies,Agatha Christie,Policier,1933,UK,N/A,Lord Edgware Dies,Henry Edwards, Real Art Productions,1934,UK,"4,9"
Death on the Nile,Agatha Christie,Policier,1937,UK,http://www.imdb.com/media/rm2632752128/tt0077413?ref_=tt_ov_i,Death on the Nile,John Guillermin, EMI Films,1978,UK,"7,2"
Towards Zero,Agatha Christie,Policier,1944,UK,http://www.imdb.com/media/rm1429773568/tt0113249?ref_=tt_ov_i,Innocent Lies, Patrick Dewolf, Polygram Filmed Entertainment,1995,UK | France | Allemagne,"4,8"
Towards Zero,Agatha Christie,Policier,1944,UK,http://www.imdb.com/media/rm484278272/tt0889606?ref_=tt_ov_i,L'Heure zéro,Pascal Thomas, Les Films Français ,2007,France,"5,8"
Mrs McGinty's Dead,Agatha Christie,Policier,1952,UK,http://www.imdb.com/media/rm2900335616/tt0058383?ref_=tt_ov_i,Murder Most Foul,George Pollock,Lawrence P. Bachmann Productions,1964,UK,"7,2"
Appointment with Death,Agatha Christie,Policier,1938,UK,http://www.imdb.com/media/rm3925972736/tt0094669?ref_=tt_ov_i,Appointment with Death, Michael Winner, Golan-Globus Productions,1988, USA,"6,1"
The Hollow,Agatha Christie,Policier,1946,UK,N/A, Le Grand Alibi, Pascal Bonitzer, Union Générale Cinématographique (UGC),2008,France,"5,4"
L’Étranger,Albert Camus,Drama,1942,France,http://www.imdb.com/media/rm1773914112/tt0062310?ref_=tt_ov_i,Lo straniero,Luchino Visconti , Dino de Laurentiis Cinematografica,1967,Italie | France | Algérie,"7,4"
Harry Potter and the Philosopher's Stone ,J. K. Rowling,Fantasy ,1997,UK,http://www.imdb.com/media/rm270966272/tt0241527?ref_=tt_ov_i,Harry Potter and the Sorcerer's Stone, Chris Columbus,Warner Bros.,2001,UK | USA,"7,4"
 Harry Potter and the Chamber of Secrets,J. K. Rowling,Fantasy ,1998,UK,http://www.imdb.com/media/rm1029675264/tt0295297?ref_=tt_ov_i,Harry Potter and the Chamber of Secrets,Chris Columbus,Warner Bros.,2002,UK | USA,"7,2"
 Harry Potter and the Prisoner of Azkaban,J. K. Rowling,Fantasy ,1999,UK,http://www.imdb.com/media/rm3241184256/tt0304141?ref_=tt_ov_i,Harry Potter and the Prisoner of Azkaban,Alfonso Cuarón,Warner Bros.,2004,UK | USA,"7,8"
 Harry Potter and the Goblet of Fire,J. K. Rowling,Fantasy ,2000,UK,http://www.imdb.com/media/rm436509952/tt0330373?ref_=tt_ov_i,Harry Potter and the Goblet of Fire, Mike Newell,Warner Bros.,2005,UK | USA,"7,6"
 Harry Potter and the Order of the Phoenix,J. K. Rowling,Fantasy ,2003,UK,http://www.imdb.com/media/rm103520512/tt0373889?ref_=tt_ov_i,Harry Potter and the Order of the Phoenix,Davis Yates,Warner Bros.,2007,UK | USA,"7,4"
 Harry Potter and the Half-Blood Prince,J. K. Rowling,Fantasy ,2005,UK,http://www.imdb.com/media/rm282560512/tt0417741?ref_=tt_ov_i, Harry Potter and the Half-Blood Prince,Davis Yates,Warner Bros.,2009,UK | USA,"7,5"
Harry Potter and the Deathly Hallows,J. K. Rowling,Fantasy ,2007,UK,http://www.imdb.com/media/rm706774528/tt0926084?ref_=tt_ov_i,Harry Potter and the Deathly Hallows: Part 1,David Yates,Warner Bros.,2010,UK | USA,"7,7"
Harry Potter and the Deathly Hallows,J. K. Rowling,Fantasy ,2007,UK,http://www.imdb.com/media/rm1317518848/tt1201607?ref_=tt_ov_i,Harry Potter and the Deathly Hallows: Part 2,David Yates,Warner Bros.,2011,UK | USA,"8,1"
Interview with the Vampire,Anne Rice,Horreur,1976,USA,http://www.imdb.com/media/rm3336739840/tt0110148?ref_=tt_ov_i,Interview with the Vampire: The Vampire Chronicles, Neil Jordan, Geffen Pictures ,1994,USA,"7,6"
Queen of the Damned,Anne Rice,Horreur,1988,USA,http://www.imdb.com/media/rm3572144384/tt0238546?ref_=tt_ov_i,Queen of the Damned,Michael Rymer, Warner Bros.,2002,USA | Australia,"5,2"
Life of Pi,Yann Martel,Aventure,2001,Canada,http://www.imdb.com/media/rm763276032/tt0454876?ref_=tt_ov_i,Life of Pi,Ang Lee, Fox 2000 Pictures,2012,USA | Taiwan | UK | Canada,8
Pierre et Jean,Guy de Maupassant, Drama,1887,France,N/A,Pierre et Jean, Émile-Bernard Donatien, Films Donatien,1924,France,N/A
Pierre et Jean,Guy de Maupassant, Drama,1887,France,N/A, Pierre et Jean, André Cayatte, Continental Films,1943,France,"6,7"
Pierre et Jean,Guy de Maupassant, Drama,1887,France,http://www.imdb.com/media/rm3731280384/tt0043824?ref_=tt_ov_i,Una mujer sin amor, Luis Buñuel, Internacional Cinematográfica ,1952,Mexique,"6,7"
"L’Éducation sentimentale, histoire d’un jeune homme", Gustave Flaubert, Drama ,1869,France,N/A, L'Éducation sentimentale,Alexandre Astruc, Société Française de Cinématographie (SFC),1962,France,"7,1"
"L’Éducation sentimentale, histoire d’un jeune homme", Gustave Flaubert, Drama ,1869,France,http://www.imdb.com/media/rm2478543360/tt0217100?ref_=tt_ov_i,Toutes les nuits, Eugène Green, Ellabel Productions,2001,France,"7,3"
Salammbô, Gustave Flaubert,Drama,1862,France,N/A,Salambò,Pierre Marodon, Gaumont-Franco Film-Aubert (G.F.F.A),1925, France ,"5,9"
Salammbô, Gustave Flaubert,Drama,1862,France,N/A,Salambò,Sergio Grieco, Stella Film,1960, Italie | France,5
The Maze Runner,James Dashner,Science-fiction ,2009,USA,http://www.imdb.com/media/rm3764699904/tt1790864?ref_=tt_ov_i,The Maze Runner,Wes Ball, 20th Century Fox Studios ,2014,USA,"7,3"
Before I Die, Jenny Downham, Drama | Romance,2007,UK,http://www.imdb.com/media/rm2186589696/tt1937264?ref_=tt_ov_i,Now is good,Ol Parker, Goldcrest Pictures | BBC Films,2012,UK,"7,3"
The Perks of Being a Wallflower, Stephen Chbosky,Drama,1999,USA,http://www.imdb.com/media/rm1968354560/tt1659337?ref_=tt_ov_i,The Perks of Being a Wallflower,Stephen Chbosky, Summit Entertainment,2012,USA,"8,1"
On the Road,Jack Kerouac,Drama,1957,USA,http://www.imdb.com/media/rm649965312/tt0337692?ref_=tt_ov_i,On the Road, Walter Salles, MK2 Productions,2012,France | USA | UK | Brézil | Canada,"6,1"
Et si c'était vrai...,Marc Levy,Comédie romantique | Fantastique,2000,France,http://www.imdb.com/media/rm2619448576/tt0425123?ref_=tt_ov_i,Just like heaven,Mark Waters, DreamWorks SKG,2005,USA,"6,7"
Mes amis mes amours,Marc Levy,Comédie romantique,2006,France,http://www.imdb.com/media/rm3665089024/tt0827192?ref_=tt_ov_i,"Mes amis, mes amours", Lorraine Lévy, Evidence Films,2008,France,"5,4"
Water for Elephants ,Sara Gruen,Drama,2006,USA,http://www.imdb.com/media/rm564902400/tt1067583?ref_=tt_ov_i,Water for Elephants ,Francis Lawrence, 20th Century Fox Studios ,2011,USA,7
Warm Bodies,Isaac Marion,Comédie | Horror | Romance,2010,USA,http://www.imdb.com/media/rm2407440896/tt1588173?ref_=tt_ov_i,Warm Bodies,Jonathan Levigne, Summit Entertainment,2013,USA | Canada,7
Elle s'appelait Sarah,Tatiana de Rosnay,Drama | Historique,2006,France,http://www.imdb.com/media/rm2178727424/tt1668200?ref_=tt_ov_i,Elle s'appelait Sarah,Gilles Paquet-Brenner,Hugo Productions,2010,France,"7,5"
Geisha ,Arthur Golden,Drama | Historique,1997,USA,http://www.imdb.com/media/rm3536162048/tt0397535?ref_=tt_ov_i,Memoirs of a Geisha , Rob Marshall, Columbia Pictures Corporation | DreamWorks ,2005,USA,"7,3"
Bridget Jones's Diary,Helen Fielding ,Comédie romantique,1996,UK,http://www.imdb.com/media/rm2473254400/tt0243155?ref_=tt_ov_i,Bridget Jones's Diary,Sharon Maguire, Miramax Films | Universal Pictures,2001,UK,"6,7"
Bridget Jones: The Edge of Reason,Helen Fielding ,Comédie romantique,1999,UK,http://www.imdb.com/media/rm244096256/tt0317198?ref_=tt_ov_i,Bridget Jones: The Edge of Reason, Beeban Kidron, Universal Pictures | StudioCanal | Miramax Films,2004,UK,"5,9"
The Devil Wears Prada,Lauren Weisberger ,Comédie | Drama,2005,USA,http://www.imdb.com/media/rm2386398208/tt0458352?ref_=tt_ov_i,The Devil Wears Prada,David Frankel, Fox 2000 Pictures | Dune Entertainment,2006,USA,"6,8"
Fight Club,Chuck Palahniuk ,Drama,1996,USA,http://www.imdb.com/media/rm414231552/tt0137523?ref_=tt_ov_i,Fight Club,David Fincher, Fox 2000 Pictures,1999,USA,"8,9"
The Godfather , Mario Puzo,Drama,1969,USA,http://www.imdb.com/media/rm330345472/tt0068646?ref_=tt_ov_i,The Godfather,Francis Ford Coppola, Paramount Pictures,1972,USA,"9,2"
Shutter Island, Dennis Lehane,Thriller,2003,USA,http://www.imdb.com/media/rm2114422784/tt1130884?ref_=tt_ov_i,Shutter Island,Martin Scorsese, Paramount Pictures,2010,USA,"8,1"
The Picture of Dorian Gray,Oscar Wild, Drama | Horror,1890,Irlande,http://www.imdb.com/media/rm670796032/tt0037988?ref_=tt_ov_i,The Picture of Dorian Gray,Albert Lewin, Metro-Goldwyn-Mayer (MGM) ,1945,USA,"7,6"
The Picture of Dorian Gray,Oscar Wild, Drama | Horror,1890,Irlande,http://www.imdb.com/media/rm44665088/tt1235124?ref_=tt_ov_i,Dorian Grey,Oliver Parker, Ealing Studios,2009, UK,"6,3"
No Country for Old Men, Cormac McCarthy,Drama | Thriller,2005,USA,http://www.imdb.com/media/rm1263244032/tt0477348?ref_=tt_ov_i,No Country for Old Men," Ethan Coen, Joel Coen", Paramount Vantage | Miramax Films,2007,USA,"8,2"
Horns,Joe Hill,Fantastique,2010,USA,http://www.imdb.com/media/rm1912273408/tt1528071?ref_=tt_ov_i,Horns,Alexandre Aja, Red Granite Pictures,2013,USA,"6,6"
If I Stay, Gayle Forman,Drama,2009,USA,http://www.imdb.com/media/rm3353857024/tt1355630?ref_=tt_ov_i,If I stay, R.J. Cutler, DiNovi Pictures | Metro-Goldwyn-Mayer (MGM),2014,USA,7
PS : I love you,Cecelia Ahern ,Romance,2004,Irlande,http://www.imdb.com/media/rm1905822976/tt0431308?ref_=tt_ov_i,PS : I love you,Richard LaGravenese, Alcon Entertainment,2007,USA,7
Et aprés,Guillaume Musso,Thriller,2004,France,http://www.imdb.com/media/rm3766454528/tt0940580?ref_=tt_ov_i,Afterwards,Gilles Bourdos, Fidélité Films,2008,France,"5,9"
The Big Picture,Douglas Kennedy,Policier,1997,USA,http://www.imdb.com/media/rm1333571072/tt1533818?ref_=tt_ov_i,L'homme qui voulait vivre sa vie,Eric Lartigau, EuropaCorp | TF1 Films Production,2010,France,"6,7"
Jurassic Park, Michael Crichton,Science-fiction,1990,USA,http://www.imdb.com/media/rm1394388736/tt0107290?ref_=tt_ov_i,Jurassic Park,Steven Spielberg, Universal Pictures,1993,USA,8
The Lost World, Michael Crichton,Science-fiction,1995,USA,http://www.imdb.com/media/rm216504832/tt0119567?ref_=tt_ov_i,The Lost World: Jurassic Park,Steven Spielberg, Universal Pictures,1997,USA,"6,4"
The Hitchhiker's Guide to the Galaxy, Douglas Adams,Science-fiction,1979,UK,http://www.imdb.com/media/rm4055996672/tt0371724?ref_=tt_ov_i,The Hitchhiker's Guide to the Galaxy,Garth Jennings, Touchstone Pictures,2005,USA | UK,"6,8"
Percy Jackson : The Lightning Thief,Rick Riordan,Aventure,2005,USA,http://www.imdb.com/title/tt0814255/?ref_=nv_sr_2,Percy Jackson & the Olympians: The Lightning Thief,Chris Columbus, Fox 2000 Pictures,2010,USA,"5,9"
Percy Jackson : The Sea of Monsters,Rick Riordan,Aventure,2006,USA,http://www.imdb.com/media/rm1699259392/tt1854564?ref_=tt_ov_i,Percy Jackson: Sea of Monsters, Thor Freudenthal, Fox 2000 Pictures,2013,USA,"5,9"
War Horse, Michael Morpurgo,Drama | War,1982,UK,http://www.imdb.com/media/rm577879296/tt1568911?ref_=tt_ov_i,War Horse,Steven Spielberg, DreamWorks SKG,2011,USA,"7,2"
Winter's Bone, Daniel Woodrell ,Drama,2006,USA,http://www.imdb.com/media/rm4198731008/tt1399683?ref_=tt_ov_i,Winter's Bone,Debra Granik,Anonymous Content,2010,USA,"7,2"
Twilight,Stephanie Meyers,Fantastique | Romance,2005,USA,http://ia.media-imdb.com/images/M/MV5BMTQ2NzUxMTAxN15BMl5BanBnXkFtZTcwMzEyMTIwMg@@._V1_SX214_AL_.jpg,Twilight,Catherine Hardwicke,Summit Entertainment,2008,USA,"5,2"
New Moon,Stephanie Meyers,Fantastique | Romance,2006,USA,http://www.imdb.com/media/rm365071872/tt1259571?ref_=tt_ov_i,The Twilight Saga: New Moon,Chris Weitz,Summit Entertainment,2009,USA,"4,6"
Eclipse,Stephanie Meyers,Fantastique | Romance,2007,USA,http://www.imdb.com/media/rm146312192/tt1325004?ref_=tt_ov_i,The Twilight Saga : Eclipse,David Slade,Summit Entertainment,2010,USA,"4,9"
Breaking Dawn,Stephanie Meyers,Fantastique | Romance,2008,USA,http://www.imdb.com/media/rm2517941248/tt1324999?ref_=tt_ov_i,The Twilight Saga: Breaking Dawn part 1,Bill Condon,Summit Entertainment,2011,USA,"4,9"
Breaking Dawn,Stephanie Meyers,Fantastique | Romance,2008,USA,http://www.imdb.com/media/rm659205632/tt1673434?ref_=tt_ov_i,The Twilight Saga: Breaking Dawn part 2,Bill Condon,Summit Entertainment,2012,USA,"5,6"
Divergent,Veronica Roth,Science-fiction,2012,USA,http://www.imdb.com/media/rm2855260672/tt1840309?ref_=tt_ov_i,Divergent,Neil Burger,Summit Entertainment,2013,USA,"6,9"
The Book Thief,Markus Zusak,Drama | War,2006,USA,http://www.imdb.com/media/rm861985792/tt0816442?ref_=tt_ov_i,The Book Thief,Brian Percival,Fox 2000 Pictures | Studios de Babelsberg,2013,USA,"7,6"
Jaws ,Peter Benchley,Horreur,1974,USA,http://www.imdb.com/media/rm813291008/tt0073195?ref_=tt_ov_i,Jaws,Steven Spielberg,Universal Pictures,1975,USA,"8,1"
Jumanji,Chris Van Allsburg,Fantasy,1981,USA,http://www.imdb.com/media/rm2315304960/tt0113497?ref_=tt_ov_i,Jumanji,Joe Johnston, TriStar Pictures,1995,USA,"6,8"
Zathura,Chris Van Allsburg,Fantasy,2002,USA,http://www.imdb.com/media/rm2753207552/tt0406375?ref_=tt_ov_i,Zathura: A Space Adventure,Jon Favreau, Columbia Pictures Corporation,2005,USA,"6,1"
Before I go to sleep,S. J. Watson,Thriller,2011,UK,http://www.imdb.com/media/rm3436560640/tt1726592?ref_=tt_ov_i,Before I go to sleep,Rowan Joffé, Clarius Entertainment,2014,USA,"6,2"
Simetierre,Stephen King,Horreur,1983,USA,http://www.imdb.com/media/rm619355136/tt0098084?ref_=tt_ov_i,Pet Sematary, Mary Lambert, Paramount Pictures,1989,USA,"6,5"
American Psycho,Brett Easton Ellis,Thriller,1992,USA,http://www.imdb.com/media/rm3262632960/tt0144084?ref_=tt_ov_i,American Psycho,Mary Harron, Universal Pictures,2000,USA,"7,6"
The Sheep-Pig,Dick King-Smith,Comédie,1983,UK,http://www.imdb.com/media/rm760716288/tt0112431?ref_=tt_ov_i,Babe, Chris Noonan, Universal Pictures,1995,USA,"6,9"
Mrs. Dalloway,Virginia Woolf,Drama,1925,UK,http://www.imdb.com/media/rm3563363328/tt0119723?ref_=tt_ov_i, Mrs. Dalloway,Marleen Gorris, First Look International,1997,UK | USA | Netherlands,"6,9"
Mrs. Dalloway,Virginia Woolf,Drama,1925,UK,http://www.imdb.com/media/rm4179921920/tt0274558?ref_=tt_ov_i,The Hours,Stephen Daldry,Paramount Picture | Miramax Films,2002,USA,"7,6"
Silver Linings Playbook,Matthew Quick,Comedie | Drama | Romance,2008,USA,http://www.imdb.com/media/rm2321852672/tt1045658?ref_=tt_ov_i,Silver Linings Playbook,David O. Russell,Mirage Enterprises | The Weinstein Company,2012,USA,"7,9"
The Andromeda Strain,Michael Crichton,Thriller,1969,USA,http://www.imdb.com/media/rm956866304/tt0066769?ref_=tt_ov_i,The Andromeda Strain,Robert Wise, Universal Pictures ,1971,USA,"7,2"
Dealing: Or the Berkeley-to-Boston Forty-Brick Lost-Bag Blues,Michael Crichton,Comedie | Drama | Thriller ,1970,USA,http://www.imdb.com/media/rm3248790784/tt0068455?ref_=tt_ov_i,Dealing: Or the Berkeley-to-Boston Forty-Brick Lost-Bag Blues,Paul Williams, Warner Bros.,1972,USA,"6,2"
A Case of Need,Michael Crichton,Thriller,1968,USA,http://www.imdb.com/media/rm2507788800/tt0068337?ref_=tt_ov_i,The Carey Treatment,Blake Edwards, Geoffrey Productions ,1972,USA,"6,2"
The Terminal Man,Michael Crichton,Science-fiction | Thriller,1974,USA,http://www.imdb.com/media/rm1423285248/tt0072267?ref_=tt_ov_i,The Terminal Man,Mike Hodges, Warner Bros.,1974,USA,"5,8"
The Great Train Robbery,Michael Crichton,Historique,1975,USA,http://www.imdb.com/title/tt0079240/?ref_=fn_al_tt_1,The First Great Train Robbery,Michael Crichton, Starling Films,1978, UK,7
Rising Sun,Michael Crichton,Action,1992,USA,http://www.imdb.com/media/rm1861718016/tt0107969?ref_=tt_ov_i,Rising Sun, Philip Kaufman, 20th Century Fox Studios ,1993,USA,"6,2"
Disclosure,Michael Crichton,Thriller,1994,USA,http://www.imdb.com/media/rm1174773504/tt0109635?ref_=tt_ov_i,Disclosure,Barry Levinson, Warner Bros.,1994,USA,6
Congo,Michael Crichton,Science-fiction,1980,USA,http://www.imdb.com/media/rm1284348928/tt0112715?ref_=tt_ov_i,Congo,Frank Marshall, Paramount Pictures,1995,USA,5
Sphere,Michael Crichton,Science-fiction,1987,USA,http://www.imdb.com/media/rm1007197952/tt0120184?ref_=tt_ov_i,Sphere,Barry Levinson,Warner Bros.,1998,USA,6
Eaters of the Dead,Michael Crichton,Historique,1976,USA,http://www.imdb.com/media/rm1328520704/tt0120657?ref_=tt_ov_i,The 13th Warrior," John McTiernan, Michael Crichton",Touchstone Pictures ,1999,USA,"6,6"
Timeline ,Michael Crichton,Science-fiction,1999,USA,http://www.imdb.com/media/rm367433984/tt0300556?ref_=tt_ov_i,Timeline,Richard Donner, Paramount Pictures,2003,USA,"5,6"
La Peau de chagrin,Honoré de Balzac,Fantastique,1831,France,http://filmographie.fondation-jeromeseydoux-pathe.com/docannexe/image/2801/780-small250.jpg,La Peau de Chagrin,Michel Carré,Pathé,1909,France,N/A
La Peau de chagrin,Honoré de Balzac,Fantastique,1831,France,N/A,The Magic skin,Richard Ridgelet,N/A,1915,USA,N/A
La Peau de chagrin,Honoré de Balzac,Fantastique,1831,France,N/A,Das Spiel vom Tod,Alwin Neuß,N/A,1917,Allemagne,N/A
La Peau de chagrin,Honoré de Balzac,Fantastique,1831,France,N/A,Slave of desire,George D. Baker,N/A,1923,USA,N/A
La Peau de chagrin,Honoré de Balzac,Fantastique,1831,France,N/A,Die Unheimlichen Wünsche,Heinz Hilpert,N/A,1939,Allemagne,N/A
La Peau de chagrin,Honoré de Balzac,Fantastique,1831,France,N/A,La piel de Zapa,Luis Bayón Herrera,N/A,1943,Argentine,N/A
La Peau de chagrin,Honoré de Balzac,Fantastique,1831,France,N/A,Chagrenevaia Kost,Igor Bezroukov,N/A,1992,Russie,N/A
The Woman in Black ,Susan Hill,Horreur,1983,UK,http://www.imdb.com/media/rm2641670400/tt1596365?ref_=tt_ov_i,The Woman in Black, James Watkins , Cross Creek Pictures,2012,UK,"6,5"
I Am Number Four,Pittacus Lore,Science-fiction,2010,USA,http://www.imdb.com/media/rm3255796736/tt1464540?ref_=tt_ov_i,I Am Number Four, D.J. Caruso,DreamWorks ,2011,USA,"6,1"
Le avventure di Pinocchio. Storia di un burattino,Carlo Lorenzini,Conte,1883,Italie,http://www.imdb.com/media/rm3756165888/tt0032910?ref_=tt_ov_i,Pinocchio,Norman Ferguson,Walt Disney,1940,USA,"7,6"
Le avventure di Pinocchio. Storia di un burattino,Carlo Lorenzini,Conte,1883,Italie,http://www.imdb.com/media/rm1385930496/tt0255477?ref_=tt_ov_i,Pinocchio,Roberto Benigni,Melampo Cinematografica,2002,Italie,"4,2"
Le avventure di Pinocchio. Storia di un burattino,Carlo Lorenzini,Conte,1883,Italie,http://www.imdb.com/media/rm3098254848/tt0115472?ref_=tt_ov_i,The Adventures of Pinocchio,Steve Barron,New Line Cinema,1996,UK | USA,"5,3"
Dumbo,Helen Aberson,Fiction,1939,USA,http://www.imdb.com/media/rm1393150720/tt0033563?ref_=tt_ov_i,Dumbo,Samuel Armstrong,Walt Disney,1941,USA,"7,3"
"Bambi, Eine Lebensgeschichte aus dem Walde",Felix Salten,Fiction,1923,Autriche,http://www.imdb.com/media/rm977977344/tt0034492?ref_=tt_ov_i,Bambi,James Algar,Walt Disney,1942,USA,"7,4"
"Happy Dan, the Whistling Dog",Ward Greene,Fiction,1937,USA,"http://ia.media-imdb.com/images/M/MV5BMjAwNzA3NTk0NV5BMl5BanBnXkFtZTcwMzkyNDEzMQ@@._V1_SY317_CR8,0,214,317_AL_.jpg",Lady and the Tramp,Clyde Geronimi,Walt Disney,1955,USA,"7,4"
The Host,Stephanie Meyers,science fiction,2008,USA,http://www.imdb.com/media/rm792571648/tt1517260?ref_=tt_ov_i,The Host,Andrew Niccol, Chockstone Pictures,2013,USA,"5,9"
The Lovely Bones , Alice Sebold,Drama,2002,USA,http://www.imdb.com/media/rm2236976640/tt0380510?ref_=tt_ov_i,The Lovely Bones ,Peter Jackson,DreamWorks ,2009,USA,"6,7"
To Kill a Mockingbird ,Harper Lee,  Drama,1960,USA,http://www.imdb.com/media/rm3546514944/tt0056592?ref_=tt_ov_i,To Kill a Mockingbird ,Robert Mulligan, Universal Pictures ,1962,USA,"8,4"
The Time Traveler's Wife , Audrey Niffenegger ,Romance,2003,USA,http://www.imdb.com/media/rm2372831232/tt0452694?ref_=tt_ov_i,The Time Traveler's Wife ,Robert Schwentke, New Line Cinema,2009,USA,"7,1"
The Fault in Our Stars ,John Green,Romance,2003,USA,http://www.imdb.com/media/rm3702838272/tt2582846?ref_=tt_ov_i,The Fault in Our Stars ,Josh Boone, Temple Hill Entertainment,2014,USA,"8,1"
City of Bones,Cassandra Clare,Fantasy,2007,USA,http://www.imdb.com/media/rm1227610624/tt1538403?ref_=tt_ov_i,The Mortal Instruments: City of Bones,Harald Zwart, Constantin Film Produktion,2013,USA | Allemagne | Canada,6
The Da Vinci Code,Dan Brown ,Thriller,2003,USA,http://www.imdb.com/media/rm3939601664/tt0382625?ref_=tt_ov_i,The Da Vinci Code,Ron Howard, Columbia Pictures,2006,USA / France,"6,5"
Howl's Moving Castle,Diana Wynne Jones,Fantastique,1986,UK,http://ia.media-imdb.com/images/M/MV5BMTY1OTg0MjE3MV5BMl5BanBnXkFtZTcwNTUxMTkyMQ@@._V1_SX214_AL_.jpg,Hauru no ugoku shiro,Hayao Miyazaki,Buena Vista Home Entertainment,2004,Japon,"8,2"
The Princess Bride, William Goldman,Fantastique,1973,USA,http://www.imdb.com/media/rm530829824/tt0093779?ref_=tt_ov_i,The Princess Bride,Rob Reiner, Buttercup Films Ltd,1987,USA,"8,2"
Mary Poppins,Pamela Lyndon Travers,Fantastique,1934,UK,http://www.imdb.com/media/rm3195981824/tt0058331?ref_=tt_ov_i,Mary Poppins,Robert Stevenson,Walt Disney,1964,USA,"7,8"
Den Lille Havfrue,Hans Christian Andersen,Conte,1837,Danemark,http://www.imdb.com/media/rm3329741824/tt0097757?ref_=tt_ov_i,The Little Mermaid,Ron Clements,Walt Disney,1989,USA,"7,6"
Den Lille Havfrue,Hans Christian Andersen,Conte,1837,Danemark,http://www.onlyshojo.com/Immagini/sirenetta/marinanew10.jpg,Anderusen dôwa ningyo-hime,Tomoharu Katsumata,Toei Doga,1975,Japon,"7,4"
"The Lion, the Witch, and the Wardrobe ",C.S. Lewis,Fantasy,1950,UK,http://www.imdb.com/media/rm3252194560/tt0363771?ref_=tt_ov_i,"The Chronicles of Narnia: The Lion, the Witch and the Wardrobe",Andrew Adamson,Walt Disney,2005,USA | UK,"6,9"
 Prince Caspian: The Return to Narnia,C.S. Lewis,Fantasy,1951,UK,http://www.imdb.com/media/rm3891435008/tt0499448?ref_=tt_ov_i,The Chronicles of Narnia: Prince Caspian,Andrew Adamson,Walt Disney,2008,USA | UK,"6,6"
The Voyage of the Dawn Treader,C.S. Lewis,Fantasy,1952,UK,http://www.imdb.com/media/rm1986496000/tt0980970?ref_=tt_ov_i,The Chronicles of Narnia: The Voyage of the Dawn Treader,Michael Apted,Fox 2000 Pictures,2010,USA | UK,"6,4"
Atonement, Ian McEwan ,  Drama | Romance ,2001,UK,http://www.imdb.com/media/rm2987758336/tt0783233?ref_=tt_ov_i,Atonement, Joe Wright, Universal Pictures,2007,UK | France | USA,"7,8"
La Fausse Maîtresse,Honoré de Balzac,Comedie Dramatique,1841,France,N/A,La Fausse Maîtresse,André Cayatte,Continental Films,1942,France,"5,6"
La Cousine Bette ,Honoré de Balzac,Drame,1847,France,N/A,La Cousine Bette ,Max de Rieux,N/A,1927,France,"7,3"
La Cousine Bette ,Honoré de Balzac,Drame,1847,France,http://www.imdb.com/media/rm2076875776/tt0118894?ref_=tt_ov_i,Cousin Bette ,Desmond Mac Anuff,     Fox Searchlight Pictures,1998,UK|USA,"6,2"
La Maison Nucingen,Honoré de Balzac,Drame,1838,France,http://www.notrecinema.com/images/cache/la-maison-nucingen-poster_387843_10547.jpg,Nucingen Haus,Raoul Ruiz,"Margo Films, MACT Productions, 
Centre National de la Cinématographie (CNC)",2008,Romania | France |Chile,6
La Duchesse de Langeais,Honoré de Balzac,  Drama | Romance ,1832,France,N/A,La Duchesse de Langeais,André Calmettes,Pathé Frères,1910,France,"4,4"
La Duchesse de Langeais,Honoré de Balzac,  Drama | Romance ,1832,France,N/A,The Eternal Flame,Frank Lloyd,Norma Talmadge Film Corporation,1922,USA,"7,2"
La Duchesse de Langeais,Honoré de Balzac,  Drama | Romance ,1832,France,N/A,Liebe,Paul Czinner,N/A,1926,Allemagne ,N/A
La Duchesse de Langeais,Honoré de Balzac,  Drama | Romance ,1832,France,N/A,La Duchesse de Langeais,Jacques de Baroncelli,Films Orange,1942,France,"4,4"
La Duchesse de Langeais,Honoré de Balzac,  Drama | Romance ,1832,France,http://www.imdb.com/media/rm3349975040/tt0781435?ref_=tt_ov_i,Ne touchez pas la hache,Jacques Rivette,"Pierre Grise Productions, Cinemaundici, arte France Cinéma",2007,France | Italy,"6,6"
